Daily Time Spent on Site,Age,Area Income,Daily Internet Usage,Ad Topic Line,City,Male,Country,Timestamp,Clicked on Ad
6.8950000000000005,35,61833.9,102.43599999999999,Cloned 5thgeneration orchestration,Wrightburgh,0,Tunisia,2016-03-27 00:53:11,0
8.023,31,68441.85,77.50800000000001,Monitored national standardization,West Jodi,1,Nauru,2016-04-04 01:39:02,0
6.947,26,59785.94,94.6,Organic bottom-line service-desk,Davidton,0,San Marino,2016-03-13 20:35:42,0
7.415000000000001,29,54806.18,98.356,Triple-buffered reciprocal time-frame,West Terrifurt,1,Italy,2016-01-10 02:31:19,0
6.837000000000001,35,73889.99,90.232,Robust logistical utilization,South Manuel,0,Iceland,2016-06-03 03:36:18,0
5.9990000000000006,23,59761.56,90.696,Sharable client-driven software,Jamieberg,1,Norway,2016-05-19 14:30:17,0
8.891,33,53852.85,83.34400000000001,Enhanced dedicated support,Brandonstad,0,Myanmar,2016-01-28 20:59:32,0
6.6,48,24593.33,52.70399999999999,Reactive local challenge,Port Jefferybury,1,Australia,2016-03-07 01:40:15,1
7.453,30,68862.0,88.604,Configurable coherent function,West Colin,1,Grenada,2016-04-18 09:33:42,0
6.9879999999999995,20,55642.32,73.52799999999999,Mandatory homogeneous architecture,Ramirezton,1,Ghana,2016-07-11 01:42:51,0
4.764,49,45632.51,48.808,Centralized neutral neural-net,West Brandonton,0,Qatar,2016-03-16 20:19:01,1
8.306999999999999,37,62491.01,92.348,Team-oriented grid-enabled Local Area Network,East Theresashire,1,Burundi,2016-05-08 08:10:10,0
6.956999999999999,48,51636.92,45.248000000000005,Centralized content-based focus group,West Katiefurt,1,Egypt,2016-06-03 01:14:41,1
7.952,24,51739.63,85.692,Synergistic fresh-thinking array,North Tara,0,Bosnia and Herzegovina,2016-04-20 21:49:22,0
4.295,33,30976.0,57.424,Grass-roots coherent extranet,West William,0,Barbados,2016-03-24 09:31:49,1
6.345000000000001,23,52182.23,56.25599999999999,Persistent demand-driven interface,New Travistown,1,Spain,2016-03-09 03:41:30,1
5.539,37,23936.86,51.763999999999996,Customizable multi-tasking website,West Dylanberg,0,Palestinian Territory,2016-01-30 19:20:41,1
8.203,41,71511.08,75.012,Intuitive dynamic attitude,Pruittmouth,0,Afghanistan,2016-05-02 07:00:58,0
5.470000000000001,36,31087.54,47.356,Grass-roots solution-oriented conglomeration,Jessicastad,1,British Indian Ocean Territory (Chagos Archipelago),2016-02-13 07:53:55,1
7.458,40,23821.72,54.20399999999999,Advanced 24/7 productivity,Millertown,1,Russian Federation,2016-02-27 04:43:07,1
7.7219999999999995,30,64802.33,89.776,Object-based reciprocal knowledgebase,Port Jacqueline,1,Cameroon,2016-01-05 07:52:48,0
8.459,35,60015.57,90.616,Streamlined non-volatile analyzer,Lake Nicole,1,Cameroon,2016-03-18 13:22:35,0
4.149,52,32635.7,65.932,Mandatory disintermediate utilization,South John,0,Burundi,2016-05-20 08:49:33,1
8.729000000000001,36,61628.72,83.97200000000001,Future-proofed methodical protocol,Pamelamouth,1,Korea,2016-03-23 09:43:43,0
4.139,41,68962.32,66.888,Exclusive neutral parallelism,Harperborough,0,Tokelau,2016-06-13 17:27:09,1
7.874,28,64828.0,81.916,Public-key foreground groupware,Port Danielleberg,1,Monaco,2016-05-27 15:25:52,0
4.853,28,38067.08,53.65599999999999,Ameliorated client-driven forecast,West Jeremyside,1,Tuvalu,2016-02-08 10:46:14,1
5.195,52,58295.82,51.69199999999999,Monitored systematic hierarchy,South Cathyfurt,0,Greece,2016-07-19 08:32:10,1
7.0200000000000005,34,32708.94,47.68,Open-architected impactful productivity,Palmerside,0,British Virgin Islands,2016-04-14 05:08:35,1
7.601999999999999,22,46179.97,83.928,Business-focused value-added definition,West Guybury,0,Bouvet Island (Bouvetoya),2016-01-27 12:38:16,0
6.764,35,51473.28,106.804,Programmable asymmetric data-warehouse,Phelpschester,1,Peru,2016-07-02 20:23:15,0
8.641,28,45593.93,82.99199999999999,Digitized static capability,Lake Melindamouth,1,Aruba,2016-03-01 22:13:37,0
5.904999999999999,57,25583.29,67.692,Digitized global capability,North Richardburgh,1,Maldives,2016-07-15 05:05:14,1
5.5600000000000005,23,30227.98,85.03200000000001,Multi-layered 4thgeneration knowledge user,Port Cassie,0,Senegal,2016-01-14 14:00:09,1
5.764,57,45580.92,53.524,Synchronized dedicated service-desk,New Thomas,1,Dominica,2016-03-15 03:12:25,1
8.437000000000001,30,61389.5,80.632,Synchronized systemic hierarchy,Johnstad,0,Luxembourg,2016-04-12 03:26:39,0
6.226,53,56770.79,50.18,Profound stable product,West Aprilport,1,Montenegro,2016-04-07 15:18:10,1
6.581999999999999,39,76435.3,88.776,Reactive demand-driven capacity,Kellytown,0,Ukraine,2016-02-09 05:28:18,0
5.043,46,57425.87,47.727999999999994,Persevering needs-based open architecture,Charlesport,1,Saint Helena,2016-05-07 17:11:49,1
3.893,39,27508.41,64.83200000000001,Intuitive exuding service-desk,Millerchester,0,Liberia,2016-03-11 06:49:10,1
8.498000000000001,29,57691.95,81.04400000000001,Innovative user-facing extranet,Mackenziemouth,0,Russian Federation,2016-04-27 09:27:58,0
6.4239999999999995,30,59784.18,100.944,Front-line intermediate database,Zacharystad,0,Tunisia,2016-04-16 11:53:43,0
8.251999999999999,32,66572.39,79.244,Persevering exuding system engine,North Joshua,1,Turkmenistan,2016-05-08 15:38:46,0
8.138,31,64929.61,84.92,Balanced dynamic application,Bowenview,0,Saint Helena,2016-02-08 00:23:38,0
8.047,25,57519.64,81.944,Reduced global support,Jamesberg,0,Niger,2016-02-11 13:26:22,0
3.768,52,53575.48,69.132,Organic leadingedge secured line,Lake Cassandraport,1,Turkmenistan,2016-02-17 13:16:33,1
6.962000000000001,20,50983.75,80.9,Business-focused encompassing neural-net,New Sharon,1,Qatar,2016-02-26 22:46:43,0
8.540000000000001,43,67058.72,79.488,Triple-buffered demand-driven alliance,Johnport,0,Sri Lanka,2016-06-08 18:54:01,0
4.433,37,52723.34,49.488,Visionary maximized process improvement,Hamiltonfort,1,Trinidad and Tobago,2016-01-08 09:32:26,1
4.801,46,54286.1,47.972,Centralized 24/7 installation,West Christopher,0,Italy,2016-04-25 11:01:54,1
7.3180000000000005,23,61526.25,78.684,Organized static focus group,Hollandberg,1,British Virgin Islands,2016-04-04 07:07:46,0
7.994,28,58526.04,90.116,Visionary reciprocal circuit,Odomville,0,United Kingdom,2016-05-03 21:19:58,0
3.3329999999999997,45,53350.11,77.432,Pre-emptive value-added workforce,East Samanthashire,1,Guinea-Bissau,2016-01-17 09:31:36,1
5.0329999999999995,50,62657.53,53.279999999999994,Sharable analyzing alliance,South Lauraton,1,Micronesia,2016-03-02 04:57:51,1
6.231,47,62722.57,47.72,Team-oriented encompassing portal,Amandahaven,0,Turkey,2016-02-14 07:36:58,1
8.059999999999999,31,67479.62,71.02000000000001,Sharable bottom-line solution,Thomasview,0,Croatia,2016-04-07 03:56:16,0
6.519,36,75254.88,60.24400000000001,Cross-group regional website,Garciaside,0,Israel,2016-02-17 11:42:00,1
4.497999999999999,49,52336.64,51.724000000000004,Organized global model,Port Sarahshire,0,Svalbard & Jan Mayen Islands,2016-04-10 00:13:47,1
7.763,29,56113.37,95.688,Upgradable asynchronous circuit,Port Gregory,0,Azerbaijan,2016-02-14 17:05:15,0
4.182,41,24852.9,62.544000000000004,Phased transitional instruction set,Brendachester,0,Iran,2016-05-26 22:49:47,1
8.561,27,47708.42,73.372,Customer-focused empowering ability,Lake Amy,0,Burundi,2016-04-30 08:07:13,0
8.584,34,64654.66,77.172,Front-line heuristic data-warehouse,Lake Annashire,1,Saint Vincent and the Grenadines,2016-06-15 05:30:13,0
7.208,29,71228.44,67.8,Stand-alone national attitude,Smithburgh,0,Burundi,2016-03-09 14:45:33,0
8.606,32,61601.05,71.568,Focused upward-trending core,North Leonmouth,1,Bulgaria,2016-03-31 20:55:22,0
4.596,45,66281.46,56.488,Streamlined cohesive conglomeration,Robertfurt,0,Christmas Island,2016-06-03 00:55:23,1
6.242,29,73910.9,79.4,Upgradable optimizing toolset,Jasminefort,1,Canada,2016-03-10 23:36:03,0
6.389,40,51317.33,42.088,Synchronized user-facing core,Jensenborough,0,Rwanda,2016-01-08 00:17:27,1
3.533,32,51510.18,80.088,Organized client-driven alliance,Bradleyburgh,0,Turks and Caicos Islands,2016-06-05 22:11:34,1
7.574,25,61005.87,86.1,Ergonomic multi-state structure,New Sheila,1,Tunisia,2016-01-16 11:35:01,0
7.853,34,32536.98,52.688,Synergized multimedia emulation,North Regina,0,Norfolk Island,2016-04-22 20:10:22,1
4.613,31,60248.97,55.604,Customer-focused optimizing moderator,Davidmouth,0,Bouvet Island (Bouvetoya),2016-02-01 09:00:55,1
6.901000000000001,46,74543.81,89.05199999999999,Advanced full-range migration,New Michaeltown,0,Turks and Caicos Islands,2016-07-07 13:37:34,0
5.535,39,75509.61,61.267999999999994,De-engineered object-oriented protocol,East Tammie,1,Cook Islands,2016-03-08 00:37:54,1
3.321,43,42650.32,66.828,Polarized clear-thinking budgetary management,Wilcoxport,1,Turkey,2016-05-10 17:39:06,1
3.846,42,58183.04,58.391999999999996,Customizable 6thgeneration knowledge user,East Michaelmouth,1,Guatemala,2016-04-06 11:24:21,1
6.409999999999999,22,60465.72,86.372,Seamless object-oriented structure,East Tiffanyport,0,Cote d'Ivoire,2016-04-01 16:21:05,0
4.981,35,57009.76,48.024,Seamless real-time array,Ramirezhaven,1,Faroe Islands,2016-01-05 04:18:46,1
8.273,33,54541.56,95.596,Grass-roots impactful system engine,Cranemouth,1,Qatar,2016-05-20 21:31:24,0
5.614,38,32689.04,45.412,Devolved tangible approach,Lake Edward,1,Ireland,2016-02-03 07:59:16,1
5.513,45,55605.92,44.684,Customizable executive software,Lake Conniefurt,0,Ukraine,2016-02-17 21:55:29,1
7.811,27,63296.87,83.7,Progressive analyzing attitude,East Shawnchester,1,Moldova,2016-01-30 16:10:04,0
7.345999999999999,28,65653.47,89.1,Innovative executive encoding,West Joseph,1,Nicaragua,2016-05-15 14:41:49,0
5.664,38,61652.53,46.364,Down-sized uniform info-mediaries,Lake Christopherfurt,0,Montserrat,2016-01-05 17:56:52,1
6.894,54,30726.26,55.484,Streamlined next generation implementation,East Tylershire,0,Timor-Leste,2016-04-19 07:34:28,1
7.079000000000001,31,74535.94,73.64,Distributed tertiary system engine,Sharpberg,0,Bouvet Island (Bouvetoya),2016-03-15 15:49:14,0
5.776,41,47861.93,42.06,Triple-buffered scalable groupware,Lake Dustin,0,Puerto Rico,2016-06-12 15:25:44,1
7.751,36,73600.28,80.22,Total 5thgeneration encoding,North Kristine,0,Central African Republic,2016-07-01 04:41:57,0
5.2700000000000005,34,58543.94,47.44,Integrated human-resource encoding,Grahamberg,1,Venezuela,2016-05-08 12:12:04,1
5.7700000000000005,34,42696.67,43.628,Phased dynamic customer loyalty,New Tina,0,Australia,2016-03-14 23:13:11,1
5.689,37,37334.78,43.716,Open-source coherent policy,Nelsonfurt,1,Wallis and Futuna,2016-05-25 00:19:57,1
6.99,43,71392.53,55.339999999999996,Down-sized modular intranet,Christopherport,0,Jersey,2016-05-13 11:51:10,1
5.579,24,59550.05,59.867999999999995,Pre-emptive content-based focus group,Port Sarahhaven,0,Puerto Rico,2016-02-20 20:47:05,1
7.003,26,64264.25,91.088,Versatile 4thgeneration system engine,Bradleyborough,1,Samoa,2016-05-22 20:49:37,0
5.008,40,64147.86,50.339999999999996,Ergonomic full-range time-frame,Whiteport,1,Greece,2016-04-10 02:02:36,1
4.367,31,25686.34,66.51599999999999,Automated directional function,New Theresa,1,Antarctica (the territory South of 60 deg S),2016-02-28 06:41:44,1
7.284000000000001,26,52968.22,95.452,Progressive empowering alliance,Wongland,0,Albania,2016-07-08 21:18:32,0
4.572,36,22473.08,61.608000000000004,Versatile homogeneous capacity,Williammouth,1,Hong Kong,2016-04-19 15:14:58,1
3.9939999999999998,41,64927.19,62.52,Function-based optimizing protocol,Williamsborough,0,Lithuania,2016-01-08 22:47:10,1
3.561,46,51868.85,63.288,Up-sized secondary software,North Michael,0,Egypt,2016-03-28 08:46:26,1
7.970999999999999,34,69456.83,84.66,Seamless holistic time-frame,Benjaminchester,1,Bangladesh,2016-07-02 14:57:53,0
4.149,53,31947.65,67.672,Persevering reciprocal firmware,Hernandezville,0,Western Sahara,2016-07-03 09:22:30,1
6.36,23,51864.77,94.112,Centralized logistical secured line,Youngburgh,1,Serbia,2016-06-01 09:27:34,0
8.991,40,59593.56,77.692,Innovative background conglomeration,Wallacechester,0,Maldives,2016-07-09 14:55:36,0
6.8180000000000005,21,48376.14,87.268,Switchable 3rdgeneration hub,Sanchezmouth,1,Czech Republic,2016-02-09 22:04:54,0
6.648999999999999,20,56884.74,80.864,Polarized 6thgeneration info-mediaries,Bradshawborough,0,Guernsey,2016-06-10 11:31:33,0
8.049,40,67186.54,91.648,Balanced heuristic approach,Amyhaven,1,Tanzania,2016-02-14 03:50:52,0
7.223000000000001,25,46557.92,96.412,Focused 24hour implementation,Marcushaven,1,Bhutan,2016-07-05 17:17:49,0
4.239,42,66541.05,60.396,De-engineered mobile infrastructure,Erinton,0,Christmas Island,2016-04-28 05:50:25,1
4.753,30,33258.09,54.072,Customer-focused upward-trending contingency,Hughesport,0,Guinea,2016-04-03 05:10:31,1
7.401999999999999,32,72272.9,84.216,Operative system-worthy protocol,Johnstad,0,Micronesia,2016-03-09 14:57:11,0
6.662999999999999,60,60333.38,70.792,User-friendly upward-trending intranet,New Lucasburgh,0,Madagascar,2016-01-16 23:37:51,1
6.324,53,65229.13,94.312,Future-proofed holistic superstructure,Michelleside,1,Lebanon,2016-07-03 04:33:41,1
7.1,22,56067.38,84.748,Extended systemic policy,Andersonton,0,Eritrea,2016-03-14 06:46:14,0
4.613,46,37838.72,49.456,Horizontal hybrid challenge,New Rachel,1,Guyana,2016-01-09 05:44:56,1
6.9,32,72683.35,88.48400000000001,Virtual composite model,Port Susan,1,Trinidad and Tobago,2016-02-11 04:37:34,0
7.699,31,56729.78,97.736,Switchable mobile framework,West Angelabury,1,Jersey,2016-06-22 07:33:21,0
7.26,55,66815.54,65.17999999999999,Focused intangible moderator,Port Christopherborough,0,United Arab Emirates,2016-07-13 16:12:24,1
6.188000000000001,42,60223.52,44.876,Balanced actuating moderator,Phillipsbury,1,Martinique,2016-07-23 11:46:28,1
8.445,50,29727.79,82.872,Customer-focused transitional strategy,Millerside,0,Somalia,2016-07-13 04:10:53,1
8.897,45,49269.98,60.996,Advanced web-enabled standardization,Lake Jessica,0,Bhutan,2016-06-11 18:32:12,1
8.619,31,57669.41,84.104,Pre-emptive executive knowledgebase,Lopezmouth,1,Greece,2016-05-08 12:51:00,0
4.958,26,56791.75,92.776,Self-enabling holistic process improvement,Johnsport,0,Benin,2016-04-07 16:02:02,0
7.765000000000001,27,63274.88,85.116,Horizontal client-driven hierarchy,South Ronald,0,Papua New Guinea,2016-02-04 13:30:32,0
3.775,36,35466.8,90.096,Polarized dynamic throughput,South Daniel,0,Uzbekistan,2016-02-26 19:48:23,1
6.233,43,68787.09,50.844,Devolved zero administration intranet,Suzannetown,0,South Africa,2016-06-21 13:15:21,1
7.956999999999999,31,61227.59,92.372,User-friendly asymmetric info-mediaries,Lisaberg,0,Egypt,2016-05-17 04:27:31,0
8.031,44,56366.88,50.827999999999996,Cross-platform regional task-force,Brianfurt,0,Hungary,2016-04-18 15:54:33,1
8.905,45,57868.44,82.792,Polarized bandwidth-monitored moratorium,Stewartbury,0,Falkland Islands (Malvinas),2016-04-03 10:07:56,0
7.0409999999999995,27,66618.21,89.212,Centralized systematic knowledgebase,Benjaminchester,0,Dominica,2016-04-04 21:30:46,0
6.736,37,73104.47,93.424,Future-proofed grid-enabled implementation,North Wesleychester,0,Jersey,2016-07-06 16:00:33,0
4.6979999999999995,50,21644.91,70.148,Down-sized well-modulated archive,East Michelleberg,0,Lithuania,2016-05-04 09:00:24,1
4.167,36,53817.02,53.02,Realigned zero tolerance emulation,Port Eric,0,Saint Martin,2016-06-13 18:50:00,1
5.1240000000000006,36,76368.31,70.692,Versatile transitional monitoring,Timothyfurt,0,Cuba,2016-01-03 16:01:40,1
7.57,29,67633.44,86.176,Profound zero administration instruction set,Port Jeffrey,0,United States Minor Outlying Islands,2016-01-14 00:23:10,0
4.349,47,50335.46,51.132,User-centric intangible task-force,Guzmanland,0,Belize,2016-01-12 10:07:29,1
4.989,39,17709.98,64.012,Enhanced system-worthy application,East Michele,1,Belize,2016-04-16 12:09:25,1
3.8369999999999997,36,41229.16,56.184000000000005,Multi-layered user-facing paradigm,East John,0,Antarctica (the territory South of 60 deg S),2016-05-13 06:09:28,1
3.8520000000000003,38,42581.23,54.912,Customer-focused 24/7 concept,Lesliebury,1,Saint Vincent and the Grenadines,2016-03-27 23:59:06,1
7.189,23,61617.98,69.124,Function-based transitional complexity,Patriciahaven,1,Kuwait,2016-02-03 23:47:56,0
7.58,38,70575.6,58.476,Progressive clear-thinking open architecture,Ashleychester,1,Thailand,2016-04-18 11:23:05,0
8.386,31,64122.36,76.1,Up-sized executive moderator,Lake Josetown,0,Gibraltar,2016-02-05 19:06:01,0
3.751,30,52097.32,65.2,Re-contextualized optimal service-desk,Debraburgh,1,Holy See (Vatican City State),2016-03-21 18:46:41,1
5.5600000000000005,44,65953.76,49.751999999999995,Fully-configurable neutral open system,New Debbiestad,1,Korea,2016-06-14 11:59:58,1
8.367,44,60192.72,93.704,Upgradable system-worthy array,West Shaun,1,Saint Helena,2016-02-06 23:08:57,0
6.9079999999999995,41,77460.07,84.24,Ergonomic client-driven application,Kimberlyhaven,0,Turks and Caicos Islands,2016-03-12 01:39:19,0
3.747,44,45716.48,56.75599999999999,Realigned content-based leverage,Port Lawrence,1,Czech Republic,2016-01-26 03:56:18,1
5.604,49,65120.86,51.58,Decentralized real-time circuit,West Ricardo,1,Netherlands,2016-02-07 08:02:31,1
7.0920000000000005,41,49995.63,43.263999999999996,Polarized modular function,Lake Jose,1,Belarus,2016-05-05 07:58:22,1
4.978,46,71718.51,60.896,Enterprise-wide client-driven contingency,Heatherberg,0,Dominica,2016-06-29 02:43:29,1
6.861,57,61770.34,60.116,Diverse modular interface,South George,0,South Africa,2016-04-10 19:48:01,1
5.818,25,69112.84,70.512,Polarized analyzing concept,Tinachester,1,New Zealand,2016-02-10 06:37:56,0
7.854000000000001,35,72524.86,68.84,Multi-channeled asynchronous open system,Port Jodi,0,Togo,2016-05-28 20:41:50,0
3.7,48,36782.38,63.288,Function-based context-sensitive secured line,Jonathantown,1,Kenya,2016-03-24 06:36:52,1
6.540000000000001,33,66699.12,98.924,Adaptive 24hour Graphic Interface,Sylviaview,0,Palau,2016-02-12 22:51:08,0
7.952,27,64287.78,73.392,Automated coherent flexibility,East Timothyport,1,Timor-Leste,2016-06-10 10:11:00,0
8.798,38,56637.59,88.84400000000001,Focused scalable complexity,West Roytown,1,Cambodia,2016-03-31 10:44:46,0
4.464,36,55787.58,50.804,Up-sized incremental encryption,Codyburgh,0,Belize,2016-02-14 06:51:43,1
4.173,28,61142.33,80.872,Sharable dedicated Graphic Interface,Port Erikhaven,1,Cuba,2016-01-07 19:16:05,1
8.046,27,61625.87,83.184,Digitized zero administration paradigm,Port Chasemouth,1,Costa Rica,2016-02-04 02:13:52,0
7.555,36,73234.87,63.696000000000005,Managed grid-enabled standardization,Ramirezside,0,Liechtenstein,2016-05-09 02:58:58,1
7.632,35,74166.24,78.124,Networked foreground definition,East Michaeltown,1,Korea,2016-06-23 00:16:02,0
8.268,33,62669.59,89.108,Re-engineered exuding frame,West Courtney,1,Ukraine,2016-06-20 09:35:02,0
7.2010000000000005,31,57756.89,100.4,Horizontal multi-state interface,West Michaelhaven,0,Angola,2016-02-29 12:31:57,0
7.583,24,58019.64,64.976,Diverse stable circuit,Walshhaven,0,Nauru,2016-01-17 15:10:31,0
4.128,50,50960.08,56.15599999999999,Universal 24/7 implementation,East Rachelview,0,Equatorial Guinea,2016-01-29 03:54:19,1
3.4659999999999997,32,48246.6,77.932,Customer-focused multi-tasking Internet solution,Curtisport,0,Mongolia,2016-07-14 12:07:10,1
6.618,55,28271.84,57.367999999999995,Vision-oriented contextually-based extranet,Frankbury,0,Svalbard & Jan Mayen Islands,2016-01-10 23:14:30,1
8.606,31,53767.12,87.888,Extended local methodology,Timothytown,1,Timor-Leste,2016-04-28 18:34:56,0
5.9590000000000005,42,43662.1,41.912,Re-engineered demand-driven capacity,Samanthaland,1,Brazil,2016-07-06 18:36:01,1
8.669,34,62238.58,79.424,Customer-focused attitude-oriented instruction set,South Jennifer,0,Chad,2016-05-27 06:19:27,0
4.377000000000001,52,49030.03,55.42,Synergized hybrid time-frame,Kyleborough,1,Portugal,2016-01-25 07:39:41,1
7.184,47,76003.47,79.916,Advanced exuding conglomeration,North Randy,1,Malawi,2016-05-08 22:47:18,0
8.023,31,68094.85,78.49199999999999,Secured clear-thinking middleware,South Daniellefort,0,Qatar,2016-03-19 14:23:45,0
7.441,26,64395.85,65.22,Right-sized value-added initiative,Dianashire,0,Singapore,2016-07-23 04:37:05,0
6.336,48,70053.27,54.972,Centralized tertiary pricing structure,East Eric,0,Guinea,2016-06-23 01:22:43,1
7.1739999999999995,35,72423.97,91.024,Multi-channeled reciprocal artificial intelligence,Hammondport,0,Kazakhstan,2016-07-19 18:06:22,0
6.072,44,42995.8,42.275999999999996,Synergized context-sensitive database,Jacobstad,0,Kuwait,2016-02-28 18:52:44,1
7.204000000000001,22,60309.58,79.772,Realigned systematic function,Hernandezfort,0,Rwanda,2016-02-10 06:52:07,0
4.457,31,38349.78,53.267999999999994,Adaptive context-sensitive application,Joneston,1,China,2016-03-27 09:11:10,1
8.586,34,63115.34,83.292,Networked high-level structure,New Jeffreychester,0,Bouvet Island (Bouvetoya),2016-05-23 02:15:04,0
3.9850000000000003,38,31343.39,58.384,Profit-focused dedicated utilization,East Stephen,0,Vietnam,2016-01-03 03:22:15,1
8.453,27,40763.13,67.336,Stand-alone tangible moderator,Turnerchester,0,Guatemala,2016-01-04 21:48:38,1
6.295,60,36752.24,62.815999999999995,Polarized tangible collaboration,Youngfort,0,Peru,2016-05-24 13:30:38,1
6.758,41,65044.59,102.244,Focused high-level conglomeration,Ingramberg,1,Mayotte,2016-02-01 19:42:40,0
8.556000000000001,29,53673.08,84.184,Advanced modular Local Area Network,South Denisefurt,0,Samoa,2016-06-05 13:16:24,0
4.688000000000001,54,43444.86,54.65599999999999,Virtual scalable secured line,Port Melissaberg,0,Singapore,2016-02-04 08:53:37,1
4.631,57,44248.52,61.592,Front-line fault-tolerant intranet,Bernardton,1,Jamaica,2016-03-24 13:37:53,1
7.795,31,62572.88,93.46000000000001,Inverse asymmetric instruction set,Port Mathew,1,Bahamas,2016-06-02 21:02:22,0
8.473,30,39840.55,61.504,Synchronized leadingedge help-desk,Aliciatown,0,Canada,2016-02-21 07:42:48,1
3.9859999999999998,36,32593.59,58.339999999999996,Total 5thgeneration standardization,Josephstad,0,Algeria,2016-06-26 17:16:26,1
5.008,30,41629.86,49.564,Sharable grid-enabled matrix,West Ericfurt,0,Fiji,2016-01-03 05:34:33,1
6.023,35,43313.73,42.744,Balanced asynchronous hierarchy,New Brendafurt,0,Kenya,2016-03-08 18:00:43,1
6.07,49,42993.48,44.227999999999994,Monitored object-oriented Graphic Interface,Port Julie,1,Argentina,2016-06-19 03:19:44,1
4.367,53,46004.31,57.516,Cloned analyzing artificial intelligence,South Tiffanyton,1,Bouvet Island (Bouvetoya),2016-07-21 21:16:35,1
7.720000000000001,33,49325.48,101.62,Persistent homogeneous framework,North Elizabeth,1,Philippines,2016-02-12 20:36:40,0
7.186,32,51633.34,46.612,Face-to-face even-keeled website,Kentmouth,0,Senegal,2016-05-17 06:14:20,1
4.478,45,63363.04,54.896,Extended context-sensitive monitoring,West Casey,1,Suriname,2016-07-09 11:04:54,1
7.856999999999999,36,64045.93,95.728,Exclusive client-driven model,East Henry,1,Liberia,2016-03-27 02:35:29,0
7.340999999999999,31,73049.3,80.50399999999999,Profound executive flexibility,Hollyfurt,1,Guam,2016-01-16 08:01:40,0
7.705,27,66624.6,76.45599999999999,Reduced bi-directional strategy,North Anna,0,United Arab Emirates,2016-01-21 23:48:29,0
6.640000000000001,40,77567.85,85.768,Digitized heuristic solution,Port Destiny,0,Antigua and Barbuda,2016-06-05 00:29:13,0
6.935,29,53431.35,101.108,Seamless 4thgeneration contingency,Ianmouth,1,Argentina,2016-02-13 15:37:36,0
3.565,40,31265.75,69.03200000000001,Seamless intangible secured line,North Johntown,1,Georgia,2016-05-10 07:22:37,1
7.0040000000000004,31,74780.74,73.53999999999999,Intuitive radical forecast,Hannahside,1,Jordan,2016-03-27 03:59:26,0
6.978,29,70410.11,87.51599999999999,Multi-layered non-volatile Graphical User Interface,Wilsonburgh,0,Saudi Arabia,2016-05-24 18:35:58,0
5.822,29,37345.24,48.36,User-friendly client-server instruction set,North Russellborough,0,South Africa,2016-02-11 02:40:02,1
7.69,28,66107.84,85.068,Synchronized multimedia model,Murphymouth,0,Croatia,2016-04-22 08:31:24,0
8.408,30,62336.39,74.944,Face-to-face intermediate approach,Carterburgh,1,Fiji,2016-01-13 02:58:27,0
5.951,58,39132.64,56.33200000000001,Assimilated fault-tolerant hub,Penatown,0,Australia,2016-06-16 02:01:24,1
4.015,38,38745.29,53.952,Exclusive disintermediate task-force,Joechester,1,Sao Tome and Principe,2016-06-27 18:37:04,1
7.681,28,65172.22,87.14,Managed zero tolerance concept,East Paul,1,Fiji,2016-07-03 12:57:03,0
4.189,38,68519.96,65.352,Compatible systemic function,Hartmanchester,0,Cyprus,2016-02-03 04:21:14,1
7.687,27,54774.77,94.14,Configurable fault-tolerant monitoring,Mcdonaldfort,1,Kyrgyz Republic,2016-05-29 21:17:10,0
6.728,43,76246.96,62.32000000000001,Future-proofed coherent hardware,North Mercedes,1,Pakistan,2016-04-03 21:13:46,1
8.198,40,65461.92,91.688,Ameliorated upward-trending definition,Taylorberg,0,Seychelles,2016-04-15 11:51:14,0
6.601000000000001,23,34127.21,60.779999999999994,Front-line tangible alliance,Hansenmouth,0,Samoa,2016-06-21 03:14:41,1
6.157,53,35253.98,50.376,Progressive 24hour forecast,Bradyfurt,1,Bulgaria,2016-03-14 14:13:05,1
5.33,34,44893.71,44.775999999999996,Self-enabling optimal initiative,West Jessicahaven,0,Mauritania,2016-05-06 21:07:31,1
3.4869999999999997,40,59621.02,80.092,Configurable logistical Graphical User Interface,Davilachester,0,Czech Republic,2016-06-12 17:52:43,1
4.36,38,20856.54,68.196,Virtual bandwidth-monitored initiative,North Ricardotown,0,Chile,2016-01-11 07:36:22,1
7.787999999999999,37,55353.41,101.828,Multi-tiered human-resource structure,Melissafurt,0,Poland,2016-07-02 00:24:22,0
7.583,27,67516.07,80.236,Managed upward-trending instruction set,East Brianberg,0,Estonia,2016-03-04 10:13:48,0
4.995,39,68737.75,54.636,Cloned object-oriented benchmark,Millerbury,0,Turkmenistan,2016-03-24 09:12:52,1
6.093999999999999,41,76893.84,61.988,Fundamental fault-tolerant neural-net,Garciaview,0,Latvia,2016-02-14 07:30:24,1
8.915000000000001,42,59886.58,68.428,Phased zero administration success,Townsendfurt,0,Fiji,2016-04-25 07:30:21,0
7.87,30,53441.69,53.596000000000004,Compatible intangible customer loyalty,Williamstad,0,Turkey,2016-02-10 19:20:51,1
5.735,29,41356.31,47.936,Distributed 3rdgeneration definition,West Connor,0,Kazakhstan,2016-04-23 14:34:38,1
3.4859999999999998,38,49942.66,61.9,Pre-emptive cohesive budgetary management,West Justin,0,Bahrain,2016-06-18 17:56:32,1
7.0680000000000005,31,74430.08,79.632,Configurable multi-state utilization,Robertbury,0,Colombia,2016-07-17 01:58:53,0
7.606,23,58633.63,80.416,Diverse multi-tasking parallelism,New Tinamouth,0,Brunei Darussalam,2016-04-27 04:28:17,0
6.667,33,72707.87,91.212,Horizontal content-based synergy,Turnerview,1,Taiwan,2016-04-21 20:29:35,0
4.6770000000000005,32,31092.93,54.56,Multi-tiered maximized archive,Reneechester,1,Serbia,2016-03-23 06:00:15,1
6.242,38,74445.18,57.576,Diverse executive groupware,West Tinashire,0,Saint Pierre and Miquelon,2016-07-19 07:59:18,1
7.831999999999999,28,49309.14,95.808,Synergized cohesive array,Jamesfurt,0,Australia,2016-06-26 11:52:18,1
3.732,50,56735.14,79.7,Versatile dedicated software,New Nancy,1,Chad,2016-03-30 23:40:52,1
4.042,45,40183.75,53.56,Stand-alone reciprocal synergy,Lisamouth,1,Norway,2016-03-16 07:59:37,1
7.677,36,58348.41,49.404,Universal even-keeled analyzer,Harveyport,0,Turks and Caicos Islands,2016-05-04 00:01:33,1
6.565,30,72209.99,63.220000000000006,Up-sized tertiary contingency,Ramosstad,0,Finland,2016-07-02 21:22:23,0
7.4319999999999995,33,62060.11,51.267999999999994,Monitored real-time superstructure,North Kevinside,0,South Africa,2016-05-23 21:14:38,1
7.327,32,67113.46,93.9,Streamlined analyzing initiative,Haleview,1,Martinique,2016-01-29 20:16:54,0
8.003,44,24030.06,60.336,Automated static concept,Christinetown,0,Afghanistan,2016-07-23 14:47:23,1
5.368,47,56180.93,46.104,Operative stable moderator,New Michael,1,Micronesia,2016-02-16 09:11:27,1
8.584,32,62204.93,77.14,Up-sized 6thgeneration moratorium,Jonesland,1,French Southern Territories,2016-06-09 21:43:05,0
8.503,30,60372.64,81.808,Expanded clear-thinking core,North Shannon,0,Philippines,2016-06-19 09:24:35,0
7.044,24,65280.16,71.5,Polarized attitude-oriented superstructure,New Sonialand,1,Algeria,2016-06-06 21:26:51,0
8.122,53,34309.24,89.236,Networked coherent interface,Port Jason,1,San Marino,2016-01-07 13:25:21,0
3.996,45,59610.81,58.452,Enhanced homogeneous moderator,East Barbara,1,Guernsey,2016-04-15 06:08:35,1
5.705,41,50278.89,107.984,Seamless full-range website,Port Erinberg,1,Sierra Leone,2016-01-09 03:45:19,1
4.244,56,43450.11,67.308,Profit-focused attitude-oriented task-force,Petersonfurt,0,Tajikistan,2016-02-10 15:23:17,1
6.220000000000001,25,25408.21,64.464,Cross-platform multimedia algorithm,New Lindaberg,0,Liechtenstein,2016-04-24 13:42:15,1
7.67,36,71136.49,88.9,Open-source coherent monitoring,West Russell,0,Ecuador,2016-06-12 05:31:19,0
6.122,45,63883.81,47.612,Streamlined logistical secured line,South Adam,1,Switzerland,2016-01-05 09:42:22,1
8.454,33,64902.47,81.608,Synchronized stable complexity,North Tracyport,1,Moldova,2016-03-02 10:07:43,0
4.608,30,66784.81,65.852,Synergistic value-added extranet,Brownport,1,Finland,2016-07-21 10:54:35,1
5.67,48,62784.85,49.251999999999995,Progressive non-volatile neural-net,Port Crystal,0,France,2016-01-09 04:53:22,1
8.103,28,63727.5,80.46000000000001,Persevering tertiary capability,Masonhaven,0,Venezuela,2016-01-06 13:20:01,0
8.091,32,61608.23,92.568,Enterprise-wide bi-directional secured line,Derrickhaven,0,Cuba,2016-01-31 04:10:20,0
4.006,38,56782.18,55.472,Organized contextually-based customer loyalty,Olsonstad,1,Peru,2016-06-11 08:38:16,1
8.347,39,64447.77,90.444,Total directional approach,New Brandy,0,Turkey,2016-05-15 20:48:40,0
7.384,31,42042.95,48.42,Programmable uniform productivity,South Jasminebury,0,Albania,2016-06-18 17:23:26,1
7.465000000000001,28,67669.06,85.024,Robust transitional ability,East Timothy,0,French Southern Territories,2016-03-17 05:00:12,0
6.025,35,54875.95,43.908,De-engineered fault-tolerant database,Charlottefort,0,Papua New Guinea,2016-06-29 13:35:05,1
5.921,35,73347.67,57.848,Managed disintermediate matrices,Lake Beckyburgh,1,Liechtenstein,2016-02-02 08:55:26,1
4.3020000000000005,44,50199.77,50.088,Configurable bottom-line application,West Lindseybury,0,Thailand,2016-04-13 05:42:52,1
8.404,38,50723.67,97.82000000000001,Self-enabling didactic pricing structure,West Alyssa,0,Malaysia,2016-07-20 09:27:24,0
7.066,43,63450.96,48.38,Versatile scalable encryption,Lake Craigview,1,Mauritius,2016-02-26 04:57:14,1
7.058,26,56694.12,54.775999999999996,Proactive next generation knowledge user,Lake David,0,Algeria,2016-02-26 09:18:48,1
7.244,34,70547.16,92.056,Customizable tangible hierarchy,Bruceburgh,0,Christmas Island,2016-04-15 14:45:48,0
4.017,26,47391.95,68.524,Visionary asymmetric encryption,South Lauratown,1,Japan,2016-02-01 14:37:34,1
7.915000000000001,26,62312.23,81.292,Intuitive explicit conglomeration,Port Robin,0,Greenland,2016-01-20 19:09:37,0
4.449,53,63100.13,67.2,Business-focused real-time toolset,Jacksonburgh,1,Sao Tome and Principe,2016-04-23 06:28:43,1
7.304,37,73687.5,88.716,Organic contextually-based focus group,Erinmouth,1,Senegal,2016-06-19 22:26:16,0
7.628,33,52686.47,101.736,Right-sized asynchronous website,Port Aliciabury,0,Guadeloupe,2016-02-15 07:55:10,0
6.888,37,78119.5,71.83200000000001,Advanced 5thgeneration capability,Port Whitneyhaven,0,Belgium,2016-02-09 19:37:52,0
7.31,28,57014.84,96.94800000000001,Universal asymmetric archive,Jeffreyshire,0,Israel,2016-01-25 07:52:53,0
4.766,29,27086.4,62.616,Devolved responsive structure,Tinaton,0,Honduras,2016-07-18 11:33:31,1
8.73,35,58337.18,86.748,Triple-buffered regional toolset,North Loriburgh,0,Estonia,2016-01-09 07:28:16,0
8.934000000000001,32,50216.01,71.112,Object-based executive productivity,Wendyton,1,Paraguay,2016-03-21 21:15:54,0
8.137,26,53049.44,62.592,Business-focused responsive website,Lake Jacqueline,1,Kyrgyz Republic,2016-02-15 12:25:28,0
8.167,28,62927.96,78.704,Visionary analyzing structure,North Christopher,1,Mauritania,2016-03-04 08:48:29,0
4.637,52,32847.53,57.708000000000006,De-engineered solution-oriented open architecture,Alexanderfurt,0,French Guiana,2016-01-05 00:02:53,1
5.488,24,32006.82,59.444,Customizable modular Internet solution,West Pamela,0,Northern Mariana Islands,2016-05-15 01:03:06,1
4.067,35,48913.07,53.272000000000006,Stand-alone encompassing throughput,West Amanda,0,Lebanon,2016-05-05 09:28:36,1
7.176,35,69285.69,94.95599999999999,Customizable zero-defect matrix,South Tomside,0,Saint Pierre and Miquelon,2016-05-26 13:18:30,0
4.7509999999999994,51,53700.57,52.164,Managed well-modulated collaboration,Bethburgh,1,American Samoa,2016-05-21 01:36:16,1
7.515000000000001,22,52011.0,85.148,Universal global intranet,Jamiefort,1,Austria,2016-05-04 12:06:18,0
5.601,26,46339.25,50.904,Re-engineered real-time success,Garciamouth,0,Tonga,2016-07-05 18:59:45,1
8.287,37,67938.77,85.34400000000001,Front-line fresh-thinking open system,West Brenda,0,Tonga,2016-06-28 20:13:41,0
4.505,42,66348.95,56.544000000000004,Digitized contextually-based product,South Kyle,0,French Southern Territories,2016-05-05 11:09:29,1
6.053,24,66873.9,66.888,Organic interactive support,Combsstad,0,Serbia,2016-03-25 15:17:39,1
5.0520000000000005,31,72270.88,68.648,Function-based stable alliance,Lake Allenville,0,New Caledonia,2016-01-23 15:02:13,1
8.471,32,61610.05,84.092,Reactive responsive emulation,Greenechester,0,Taiwan,2016-05-29 07:29:27,0
5.5200000000000005,39,76560.59,63.784000000000006,Exclusive zero tolerance alliance,Jordantown,1,United States of America,2016-05-30 07:36:31,1
8.161,33,62667.51,91.50399999999999,Enterprise-wide local matrices,Gravesport,0,Morocco,2016-04-17 15:46:03,0
7.154999999999999,36,75687.46,65.596,Inverse next generation moratorium,South Troy,1,Suriname,2016-07-20 23:08:28,0
8.24,36,66744.65,87.588,Implemented bifurcated workforce,Lake Patrick,1,Macedonia,2016-06-29 03:07:51,0
7.3950000000000005,35,67714.82,95.432,Persevering even-keeled help-desk,Millerland,0,Wallis and Futuna,2016-04-10 14:48:35,0
7.206999999999999,31,69710.51,90.58,Grass-roots eco-centric instruction set,Port Jessicamouth,0,Chile,2016-04-16 16:38:35,0
8.039,31,66269.49,85.896,Fully-configurable incremental Graphical User Interface,Paulport,0,Gabon,2016-05-03 08:21:23,0
6.58,25,60843.32,92.596,Expanded radical software,Clineshire,1,Gabon,2016-03-18 16:04:59,0
6.997,28,55041.6,100.0,Mandatory 3rdgeneration moderator,Cynthiaside,0,Holy See (Vatican City State),2016-05-22 00:01:58,0
5.262,50,73863.25,70.608,Enterprise-wide foreground emulation,Port Juan,0,Seychelles,2016-02-01 20:30:35,1
3.925,39,62378.05,60.944,Customer-focused incremental system engine,Michellefort,0,Mayotte,2016-01-23 17:39:06,1
7.756,38,63336.85,52.33200000000001,Right-sized multi-tasking solution,Port Angelamouth,1,Uganda,2016-05-19 03:52:24,1
3.3520000000000003,43,42191.61,66.224,Vision-oriented optimizing middleware,Jessicahaven,0,Cambodia,2016-05-09 21:54:38,1
7.981,24,56194.56,71.53999999999999,Proactive context-sensitive project,North Daniel,1,Antigua and Barbuda,2016-05-31 11:44:45,1
8.479000000000001,33,61771.9,85.812,Managed eco-centric encoding,New Juan,0,Cameroon,2016-03-30 19:09:50,0
8.27,35,61383.79,92.428,Visionary multi-tasking alliance,Amyfurt,0,Somalia,2016-01-09 15:49:28,0
8.488,32,63924.82,74.592,Ameliorated tangible hierarchy,Harrishaven,0,Lebanon,2016-04-18 03:41:56,0
5.492,54,23975.35,64.464,Extended interactive model,Roberttown,0,Saint Pierre and Miquelon,2016-06-13 13:59:51,1
7.656000000000001,34,70179.11,88.612,Universal bi-directional extranet,Jeremyshire,1,Dominica,2016-04-23 08:15:31,0
6.973999999999999,49,66524.8,97.348,Enhanced maximized access,Birdshire,0,Hungary,2016-03-27 16:41:29,0
7.555,22,41851.38,67.76,Upgradable even-keeled challenge,New Amanda,0,Taiwan,2016-02-19 07:29:30,1
7.218999999999999,33,61275.18,100.14,Synchronized national infrastructure,Curtisview,1,Saint Lucia,2016-05-19 11:16:59,0
8.429,41,60638.38,93.01599999999999,Re-contextualized systemic time-frame,Jacksonmouth,0,Niue,2016-01-27 20:47:57,0
7.389,39,47160.53,44.272000000000006,Horizontal national architecture,North April,0,France,2016-04-20 00:41:53,1
7.5840000000000005,21,48537.18,74.792,Reactive bi-directional workforce,Hayesmouth,0,Cyprus,2016-02-07 07:41:06,0
7.337999999999999,25,53058.91,94.476,Horizontal transitional challenge,South Corey,1,French Southern Territories,2016-04-21 09:30:35,0
8.072,31,68614.98,74.548,Re-engineered neutral success,Juliaport,0,Costa Rica,2016-04-19 05:15:28,0
6.206,44,44174.25,42.0,Adaptive contextually-based methodology,Port Paultown,0,Austria,2016-04-12 14:01:08,1
5.15,34,67050.16,54.124,Configurable dynamic adapter,East Vincentstad,0,Zambia,2016-03-15 11:25:48,1
9.097,37,54520.14,72.308,Multi-lateral empowering throughput,Kimberlytown,0,Congo,2016-02-16 18:21:36,0
8.678,30,54952.42,68.05199999999999,Fundamental zero tolerance solution,New Steve,1,United States of America,2016-02-18 23:08:59,0
6.618,35,69476.42,97.444,Proactive asymmetric definition,New Johnberg,0,Pitcairn Islands,2016-03-25 08:40:15,0
8.433,41,54989.93,96.38,Pre-emptive zero tolerance Local Area Network,Shawstad,0,Belize,2016-03-16 00:28:10,0
3.687,36,29398.61,78.364,Self-enabling incremental collaboration,New Rebecca,0,Anguilla,2016-01-28 11:50:40,1
3.478,48,42861.42,83.284,Exclusive even-keeled moratorium,Jeffreyburgh,1,South Africa,2016-03-24 02:01:55,1
7.684,32,65883.39,92.636,Reduced incremental productivity,Faithview,0,Singapore,2016-03-03 22:31:16,0
6.705,25,65421.39,88.368,Realigned scalable standardization,Richardsontown,0,Finland,2016-02-26 09:54:33,0
4.147,31,60953.93,87.916,Secured scalable Graphical User Interface,Port Brookeland,0,Martinique,2016-07-06 15:56:39,1
8.071,26,58476.57,80.232,Team-oriented context-sensitive installation,East Christopherbury,0,Cameroon,2016-06-24 05:50:22,0
8.009,31,66636.84,85.632,Pre-emptive systematic budgetary management,Port Christinemouth,0,Sweden,2016-05-23 21:00:45,0
5.63,49,67430.96,54.096000000000004,Fully-configurable high-level implementation,South Meghan,1,New Caledonia,2016-02-03 19:12:51,1
7.936,34,57260.41,98.312,Profound maximized workforce,Hessstad,1,Bosnia and Herzegovina,2016-04-28 22:54:37,0
8.638,40,66359.32,75.308,Cross-platform 4thgeneration focus group,Rhondaborough,1,Singapore,2016-03-19 14:57:00,0
3.8939999999999997,41,57587.0,57.068,Optional mission-critical functionalities,Lewismouth,1,Falkland Islands (Malvinas),2016-07-15 09:08:42,1
8.726,35,63060.55,73.612,Multi-layered tangible portal,New Paul,0,Bosnia and Herzegovina,2016-05-12 04:35:59,0
7.531999999999999,28,59998.5,93.44,Reduced mobile structure,Lake Angela,1,Mauritius,2016-01-01 21:58:55,0
7.438,40,74024.61,88.02000000000001,Enhanced zero tolerance Graphic Interface,East Graceland,1,Indonesia,2016-03-13 13:50:25,0
6.590000000000001,22,60550.66,84.556,De-engineered tertiary secured line,Hartport,0,Czech Republic,2016-07-16 14:13:54,0
3.6310000000000002,47,57983.3,67.568,Reverse-engineered well-modulated capability,East Yvonnechester,0,Eritrea,2016-04-18 00:49:33,1
7.223000000000001,48,52736.33,46.14,Integrated coherent pricing structure,Burgessside,0,Mexico,2016-07-17 01:13:56,1
8.812000000000001,38,46653.75,92.364,Realigned next generation projection,Hurleyborough,0,Gibraltar,2016-02-17 07:05:57,0
8.397,28,56986.73,82.2,Reactive needs-based instruction set,Garychester,1,Haiti,2016-06-16 02:33:22,0
6.109,26,55336.18,52.672000000000004,User-friendly well-modulated leverage,East Kevinbury,1,Falkland Islands (Malvinas),2016-04-09 16:31:15,1
6.577,21,42162.9,87.444,Function-based fault-tolerant model,Contrerasshire,1,Eritrea,2016-03-18 17:35:40,0
8.158,25,39699.13,79.756,Decentralized needs-based analyzer,Erikville,0,Hong Kong,2016-05-11 22:02:17,0
3.787,52,56394.82,75.424,Phased analyzing emulation,Robertsonburgh,1,Gambia,2016-05-25 20:10:02,1
7.62,37,75044.35,71.404,Multi-layered fresh-thinking process improvement,Karenton,0,Barbados,2016-02-29 19:26:35,0
6.090999999999999,19,53309.61,73.976,Upgradable directional system engine,Port Kathleenfort,0,Nauru,2016-06-09 14:24:06,1
7.449,28,58996.12,94.936,Persevering eco-centric flexibility,Lake Adrian,0,Peru,2016-01-30 16:15:29,0
7.3709999999999996,23,56605.12,84.55199999999999,Inverse local hub,New Sheila,1,El Salvador,2016-02-15 05:35:54,0
7.819,30,62475.99,91.524,Triple-buffered needs-based Local Area Network,Mollyport,0,Libyan Arab Jamahiriya,2016-01-31 06:14:10,0
7.954000000000001,44,70492.6,87.072,Centralized multi-state hierarchy,Sandraland,1,Cambodia,2016-01-05 16:34:31,0
7.487,52,43698.53,50.788,Public-key non-volatile implementation,Charlenetown,0,Saint Barthelemy,2016-05-31 02:17:18,1
8.709,36,57737.51,88.792,Synergized coherent interface,Luischester,1,Reunion,2016-04-21 16:10:50,0
3.745,47,31281.01,67.144,Horizontal high-level concept,South Johnnymouth,0,Antigua and Barbuda,2016-04-10 03:30:16,1
4.984,39,45800.48,44.636,Reduced multimedia project,Hannaport,0,Samoa,2016-02-09 07:21:25,1
5.138,59,42362.49,63.424,Object-based modular functionalities,East Anthony,0,Afghanistan,2016-06-17 17:11:16,1
8.34,34,66691.23,83.148,Polarized multimedia system engine,West Daleborough,0,Azerbaijan,2016-05-22 21:54:23,0
3.8909999999999996,33,56369.74,60.32000000000001,Versatile reciprocal structure,Morrismouth,1,Philippines,2016-07-13 07:41:42,1
6.214,41,59397.89,44.372,Upgradable multi-tasking initiative,North Andrewstad,1,Angola,2016-01-23 18:59:21,1
7.9719999999999995,28,66025.11,77.52000000000001,Configurable tertiary budgetary management,Wrightburgh,1,Albania,2016-05-20 12:17:59,0
7.33,36,68211.35,54.288,Adaptive asynchronous attitude,West Tanya,1,Hungary,2016-01-30 04:38:41,1
6.911,42,73608.99,92.592,Face-to-face mission-critical definition,Novaktown,1,Faroe Islands,2016-04-21 12:34:28,0
7.19,54,61228.96,56.06,Inverse zero tolerance customer loyalty,Timothymouth,1,Czech Republic,2016-04-22 20:32:17,1
7.245,29,72325.91,78.144,Centralized 24hour synergy,Robertmouth,1,Svalbard & Jan Mayen Islands,2016-01-11 06:02:27,0
7.706999999999999,40,44559.43,104.40799999999999,Face-to-face analyzing encryption,Stephenborough,0,Afghanistan,2016-03-01 10:01:35,0
7.462000000000001,36,73207.15,87.116,Self-enabling even-keeled methodology,Lake Kurtmouth,0,Rwanda,2016-04-04 08:19:54,0
8.206999999999999,25,46722.07,82.152,Function-based optimizing extranet,Lauraburgh,1,Panama,2016-06-20 06:30:06,0
5.86,50,45400.5,45.480000000000004,Organic asynchronous hierarchy,Rogerburgh,0,Samoa,2016-01-28 07:10:29,1
3.6079999999999997,45,41417.27,60.588,Automated client-driven orchestration,Davidside,1,United States Minor Outlying Islands,2016-07-03 04:11:40,1
7.944,26,60845.55,82.716,Public-key zero-defect analyzer,West Thomas,0,Greece,2016-05-15 13:18:34,0
4.173,47,60812.77,57.884,Proactive client-server productivity,Andersonchester,0,Cote d'Ivoire,2016-04-08 22:48:25,1
7.319,25,64267.88,81.49600000000001,Cloned incremental matrices,North Ronaldshire,1,Pakistan,2016-01-19 12:18:13,0
7.76,24,58151.87,78.932,Open-architected system-worthy task-force,Greghaven,1,Anguilla,2016-05-26 15:40:26,0
8.9,37,52079.18,88.904,Devolved regional moderator,Jordanmouth,1,Cyprus,2016-01-26 15:56:55,0
6.92,42,26023.99,49.519999999999996,Balanced value-added database,Meyersstad,0,Peru,2016-06-17 09:58:46,1
6.756,31,62318.38,50.18,Seamless composite budgetary management,Michelleside,0,Kenya,2016-04-25 21:15:39,1
8.111,39,56216.57,99.276,Total cohesive moratorium,South Robert,1,Chad,2016-07-13 11:41:29,0
8.022,30,61806.31,89.83200000000001,Integrated motivating neural-net,New Tyler,0,Kyrgyz Republic,2016-07-05 15:14:10,0
4.363,41,51662.24,49.3,Exclusive zero tolerance frame,Jordanshire,1,Albania,2016-03-15 14:06:17,1
7.766,29,67080.94,67.26,Operative scalable emulation,Reyesland,0,Gabon,2016-06-19 22:08:15,0
7.462999999999999,26,51975.41,94.396,Enhanced asymmetric installation,New Traceystad,1,Dominican Republic,2016-07-05 20:16:13,0
4.9670000000000005,27,28019.09,61.476,Face-to-face reciprocal methodology,Port Brian,0,Zimbabwe,2016-05-09 08:44:55,1
8.059000000000001,37,67744.56,89.692,Robust responsive collaboration,Lake Courtney,0,Croatia,2016-07-21 23:14:35,0
8.349,33,66574.0,76.3,Polarized logistical hub,Samuelborough,1,Cambodia,2016-06-03 17:32:47,0
4.446,42,30487.48,53.064,Intuitive zero-defect framework,Christinehaven,1,Mongolia,2016-01-15 19:40:47,1
6.81,40,74903.41,91.092,Reactive composite project,Thomasstad,1,Honduras,2016-02-05 16:50:58,0
6.388,38,19991.72,54.739999999999995,Upgradable even-keeled hardware,Kristintown,0,Madagascar,2016-02-29 23:56:06,1
7.883,36,66050.63,93.856,Future-proofed responsive matrix,New Wanda,1,Qatar,2016-05-08 12:08:26,0
7.997,44,70449.04,86.4,Programmable empowering middleware,Mariebury,0,China,2016-07-13 01:48:46,0
8.051,28,64008.55,80.112,Robust dedicated system engine,Christopherville,1,Bangladesh,2016-01-08 02:34:06,0
6.226,26,70203.74,81.108,Public-key mission-critical core,New Jasmine,0,Swaziland,2016-06-08 12:25:49,0
6.699,47,27262.51,49.775999999999996,Operative actuating installation,Lopezberg,1,Tanzania,2016-06-15 11:56:41,1
7.1049999999999995,20,49544.41,81.688,Self-enabling asynchronous knowledge user,Jenniferstad,1,Eritrea,2016-06-13 22:41:45,0
4.205,51,28357.27,69.82000000000001,Configurable 24/7 hub,West Eduardotown,1,Canada,2016-06-20 14:20:52,1
5.0520000000000005,28,66929.03,87.876,Versatile responsive knowledge user,Davisfurt,0,Saint Kitts and Nevis,2016-04-03 06:17:22,1
7.624,40,75524.78,79.328,Managed impactful definition,Bakerhaven,1,Burkina Faso,2016-05-31 23:42:26,0
7.729000000000001,27,66265.34,80.49600000000001,Grass-roots 4thgeneration forecast,Paulshire,1,Tuvalu,2016-02-15 03:43:55,0
3.598,47,55993.68,66.208,Focused 3rdgeneration pricing structure,West Jane,1,El Salvador,2016-03-10 23:26:54,1
8.495000000000001,34,56379.3,92.144,Mandatory dedicated data-warehouse,Lake Brian,0,Madagascar,2016-02-26 17:01:01,0
3.934,43,31215.88,59.572,Proactive radical support,Alvaradoport,0,Bangladesh,2016-04-17 21:39:11,1
8.723,29,51015.11,80.848,Re-engineered responsive definition,Lake Kevin,0,American Samoa,2016-03-26 19:54:16,0
5.724,52,46473.14,46.94,Profound optimizing utilization,Richardsonland,1,Latvia,2016-06-29 21:39:42,1
8.158,41,55479.62,99.264,Cloned explicit middleware,East Sheriville,0,Moldova,2016-01-27 17:55:44,0
5.634,50,68713.7,55.608000000000004,Multi-channeled mission-critical success,Port Michealburgh,1,Anguilla,2016-03-17 23:39:28,1
4.872999999999999,27,34191.23,56.815999999999995,Versatile content-based protocol,Monicaview,0,Bangladesh,2016-07-09 16:23:33,1
5.168,49,51067.54,103.44800000000001,Seamless cohesive conglomeration,Katieport,0,Faroe Islands,2016-06-28 12:51:02,1
3.5340000000000003,45,46693.76,61.144000000000005,De-engineered actuating hierarchy,East Brittanyville,0,Taiwan,2016-06-18 16:32:58,1
4.809,33,19345.36,72.16799999999999,Balanced motivating help-desk,West Travismouth,0,Heard Island and McDonald Islands,2016-05-28 12:38:37,1
7.868,29,66225.72,83.22,Inverse high-level capability,Leonchester,0,Israel,2016-01-16 16:40:30,0
6.882,20,38609.2,82.256,Cross-platform client-server hierarchy,Ramirezland,1,Bolivia,2016-07-11 15:45:23,0
5.699,40,37713.23,43.260000000000005,Sharable optimal capacity,Brownton,0,Bahamas,2016-07-16 23:08:54,1
8.663,39,63764.28,83.856,Face-to-face multimedia success,New Jessicaport,1,Costa Rica,2016-04-06 21:20:07,0
4.118,43,41866.55,51.7,Enterprise-wide incremental Internet solution,New Denisebury,1,Myanmar,2016-07-05 00:54:11,1
7.103,32,57846.68,48.339999999999996,Advanced systemic productivity,Keithtown,0,Netherlands Antilles,2016-02-17 23:47:00,1
7.292,29,69428.73,86.84,Customizable mission-critical adapter,Port Melissastad,1,Czech Republic,2016-03-15 17:33:15,0
7.714,24,60283.98,73.952,Horizontal heuristic synergy,Janiceview,1,Iceland,2016-01-21 18:51:01,0
6.07,43,79332.33,77.03999999999999,Multi-tiered multi-state moderator,Mataberg,1,Palau,2016-06-06 22:41:24,0
3.4299999999999997,41,53167.68,64.296,Re-contextualized reciprocal interface,West Melaniefurt,1,Libyan Arab Jamahiriya,2016-05-16 14:50:22,1
8.370999999999999,45,64564.07,88.192,Organized demand-driven knowledgebase,Millerfort,1,Kazakhstan,2016-04-17 19:10:56,0
5.338,35,60803.37,48.024,Total local synergy,Alexanderview,1,French Guiana,2016-03-30 01:05:34,1
5.803,31,28387.42,51.732000000000006,User-friendly bandwidth-monitored attitude,South Jade,0,Tuvalu,2016-06-29 09:04:31,1
4.359,36,58849.77,52.924,Re-engineered context-sensitive knowledge user,Lake Susan,1,Congo,2016-05-26 13:43:05,1
6.007,42,65963.37,48.3,Total user-facing hierarchy,South Vincentchester,1,United Kingdom,2016-04-15 10:16:49,1
5.443,37,75180.2,61.896,Balanced contextually-based pricing structure,Williamsmouth,1,Luxembourg,2016-05-31 09:06:29,1
8.199,33,61270.14,92.36,Inverse bi-directional knowledge user,Taylorport,0,French Polynesia,2016-02-15 14:13:47,0
6.053,29,56759.48,49.312,Networked even-keeled workforce,Williamsport,0,Papua New Guinea,2016-05-09 10:21:48,1
8.469,31,46160.63,92.74,Right-sized transitional parallelism,Emilyfurt,1,Maldives,2016-07-07 23:32:38,0
8.872,32,43870.51,84.748,Customer-focused system-worthy superstructure,East John,1,Zambia,2016-01-03 17:10:05,0
8.889,35,50439.49,87.52000000000001,Balanced 4thgeneration success,East Deborahhaven,1,Cook Islands,2016-07-17 18:55:38,0
6.958,43,28028.74,102.02799999999999,Cross-group value-added success,Port Katelynview,0,Congo,2016-04-04 18:36:59,1
8.523,36,64238.71,85.16799999999999,Visionary client-driven installation,Paulhaven,1,Senegal,2016-02-27 12:34:19,0
8.355,39,65816.38,88.47200000000001,Switchable well-modulated infrastructure,Elizabethmouth,1,Myanmar,2016-06-08 20:13:27,0
5.6659999999999995,42,72684.44,55.767999999999994,Upgradable asymmetric emulation,Lake Jesus,0,Dominican Republic,2016-02-20 10:52:51,1
5.639,27,38817.4,99.248,Configurable tertiary capability,North Tylerland,1,Bahrain,2016-03-23 21:06:51,0
7.624,27,63976.44,85.768,Monitored dynamic instruction set,Munozberg,0,Puerto Rico,2016-06-07 01:29:06,0
5.764,36,37212.54,44.1,Robust web-enabled attitude,North Maryland,1,Chile,2016-01-18 15:18:01,1
7.8180000000000005,23,52691.79,67.068,Customer-focused full-range neural-net,West Barbara,0,Bolivia,2016-06-09 19:32:27,0
4.604,32,65499.93,59.16799999999999,Universal transitional Graphical User Interface,Andrewborough,0,Serbia,2016-05-30 20:07:59,1
7.94,35,63966.72,94.748,User-centric intangible contingency,New Gabriel,0,Malaysia,2016-04-01 09:21:14,0
3.6439999999999997,39,52400.88,59.056,Configurable disintermediate throughput,Port Patrickton,1,Estonia,2016-05-31 06:21:02,1
5.314,38,49111.47,43.6,Automated web-enabled migration,West Julia,1,Greenland,2016-07-03 22:13:19,1
3.2840000000000003,40,41232.89,68.688,Triple-buffered 3rdgeneration migration,New Keithburgh,0,Trinidad and Tobago,2016-03-10 01:36:19,1
7.372,32,52140.04,102.55999999999999,Universal contextually-based system engine,Richardsland,1,Thailand,2016-03-18 02:39:26,0
3.81,34,60641.09,85.752,Optional secondary access,North Aaronchester,1,Philippines,2016-05-30 18:08:19,1
7.393000000000001,44,74180.05,87.288,Quality-focused scalable utilization,Lake Matthewland,0,Niue,2016-02-20 00:06:20,0
5.186999999999999,50,51869.87,47.86,Team-oriented dynamic forecast,Kevinberg,0,Afghanistan,2016-03-10 22:28:52,1
7.769,22,48852.58,67.952,Horizontal heuristic support,Morganfort,1,Angola,2016-06-21 14:32:32,0
4.340999999999999,28,59144.02,64.292,Customer-focused zero-defect process improvement,Lovemouth,0,Egypt,2016-02-05 15:26:37,1
5.5920000000000005,24,33951.63,58.032000000000004,Focused systemic benchmark,Taylorhaven,0,Fiji,2016-05-31 21:41:46,1
8.067,34,58909.36,95.904,Seamless impactful info-mediaries,Jamesville,0,Portugal,2016-01-01 02:52:10,0
8.342,25,49850.52,73.368,Advanced heuristic firmware,East Toddfort,1,Austria,2016-03-04 14:10:12,0
8.212,52,28679.93,80.46000000000001,Fully-configurable client-driven customer loyalty,East Dana,1,Germany,2016-02-03 10:40:27,1
6.617,33,69869.66,95.38,Cross-group neutral synergy,West Lucas,0,Panama,2016-01-20 00:26:15,0
4.301,35,48347.64,50.948,Organized 24/7 middleware,Butlerfort,0,United States of America,2016-06-11 09:37:52,1
8.004999999999999,25,45959.86,87.976,Networked stable open architecture,Lindaside,1,Christmas Island,2016-03-08 05:48:20,0
6.4879999999999995,42,70005.51,51.92,Customizable systematic service-desk,West Chloeborough,1,Equatorial Guinea,2016-02-14 22:23:30,1
7.981999999999999,26,51512.66,89.312,Function-based directional productivity,Jayville,1,Micronesia,2016-07-17 22:04:54,0
4.803,40,25598.75,53.839999999999996,Networked stable array,East Lindsey,1,Malta,2016-06-02 22:16:08,1
3.2990000000000004,45,49282.87,70.98400000000001,Phased full-range hardware,Masseyshire,0,Ecuador,2016-04-30 19:42:04,1
7.4879999999999995,27,67240.25,70.068,Organized empowering policy,Sarahton,1,Sudan,2016-04-17 06:58:18,0
3.649,52,42136.33,78.644,Object-based system-worthy superstructure,Ryanhaven,1,Lao People's Democratic Republic,2016-03-09 00:41:46,1
8.804,45,62589.84,76.46799999999999,Profound explicit hardware,Lake Deborahburgh,1,Saint Vincent and the Grenadines,2016-03-07 20:02:51,0
4.57,33,67384.31,60.448,Self-enabling multimedia system engine,New Williammouth,1,Switzerland,2016-05-26 10:33:00,1
8.238,35,25603.93,63.839999999999996,Polarized analyzing intranet,Port Blake,0,Spain,2016-07-18 01:36:37,1
5.268,23,39616.0,59.67999999999999,Vision-oriented attitude-oriented Internet solution,West Richard,1,Turks and Caicos Islands,2016-07-16 05:56:42,1
6.559,47,28265.81,48.724000000000004,Digitized disintermediate ability,Brandymouth,0,Indonesia,2016-03-22 06:41:38,1
6.565,25,63879.72,89.96799999999999,Intuitive explicit firmware,Sandraville,1,Cook Islands,2016-06-03 06:34:44,0
4.384,36,70592.81,66.96799999999999,Public-key real-time definition,Port Jessica,0,Australia,2016-06-28 09:19:06,1
6.769,37,76408.19,86.628,Monitored content-based implementation,Lake Jasonchester,0,Finland,2016-07-18 18:33:05,0
7.837000000000001,24,55015.08,82.908,Quality-focused zero-defect budgetary management,Pearsonfort,0,Pakistan,2016-01-23 04:47:37,0
8.145999999999999,29,51636.12,92.616,Intuitive fresh-thinking moderator,Sellerstown,0,Ireland,2016-02-29 11:00:06,0
4.747999999999999,31,29359.2,56.536,Reverse-engineered 24hour hardware,Yuton,0,Eritrea,2016-06-30 00:19:33,1
7.515000000000001,33,71296.67,87.796,Synchronized zero tolerance product,Smithtown,1,France,2016-06-19 18:19:38,0
7.876,24,46422.76,87.99199999999999,Reactive interactive protocol,Joanntown,1,Austria,2016-01-08 08:08:47,0
4.496,50,52802.0,53.084,Focused fresh-thinking Graphic Interface,South Peter,1,Heard Island and McDonald Islands,2016-01-02 12:25:36,1
3.9560000000000004,41,59243.46,57.251999999999995,Ameliorated exuding solution,Port Mitchell,1,Western Sahara,2016-05-13 11:57:12,1
3.976,28,35350.55,78.732,Integrated maximized service-desk,Pottermouth,1,Liberia,2016-02-08 14:02:22,1
5.711,22,59677.64,82.868,Self-enabling tertiary challenge,Lake Jonathanview,1,Dominican Republic,2016-06-07 23:46:51,0
8.326,40,70225.6,75.104,Decentralized foreground infrastructure,Alanview,1,Tonga,2016-01-02 14:36:03,0
6.942,25,65791.17,85.352,Quality-focused hybrid frame,Carterport,0,Lao People's Democratic Republic,2016-02-13 04:16:08,0
5.0600000000000005,30,34191.13,51.952,Realigned reciprocal framework,New Daniellefort,1,United States of America,2016-05-03 12:57:19,1
4.62,37,51315.38,47.72,Distributed maximized ability,Welchshire,0,Belgium,2016-04-03 11:38:36,1
6.688,35,62790.96,47.788,Polarized bifurcated array,Russellville,1,Indonesia,2016-03-23 19:58:15,1
8.397,40,66291.67,63.367999999999995,Progressive asynchronous adapter,West Lisa,1,Croatia,2016-02-02 11:49:18,0
7.656000000000001,30,68030.18,85.5,Business-focused high-level hardware,Greentown,0,Brunei Darussalam,2016-03-08 10:39:16,0
3.5490000000000004,48,43974.49,63.908,Fully-configurable holistic throughput,Timothyport,0,American Samoa,2016-04-08 14:35:44,1
8.029,31,49457.48,97.94800000000001,Ameliorated contextually-based collaboration,Teresahaven,1,Netherlands Antilles,2016-06-30 00:40:31,0
5.019,40,33987.27,46.92,Progressive uniform budgetary management,Lake Stephenborough,0,Thailand,2016-03-25 19:02:35,1
5.912,33,28210.03,49.816,Synergistic stable infrastructure,Silvaton,0,Greece,2016-05-12 21:32:06,1
5.988,30,75535.14,77.452,Reverse-engineered content-based intranet,West Michaelstad,1,French Polynesia,2016-03-02 05:11:01,0
5.970000000000001,28,49158.5,48.1,Expanded zero administration attitude,Florestown,0,Guernsey,2016-05-10 14:12:31,1
6.779999999999999,30,39809.69,47.1,Team-oriented 6thgeneration extranet,New Jay,1,Isle of Man,2016-03-03 02:59:37,1
8.159,35,65826.53,89.264,Managed disintermediate capability,North Lisachester,0,Holy See (Vatican City State),2016-07-04 11:03:49,0
8.11,29,61172.07,86.596,Front-line dynamic model,Port Stacy,1,El Salvador,2016-07-08 03:47:41,0
4.17,39,42898.21,50.78,Innovative regional structure,Jensenton,0,China,2016-05-27 05:35:27,1
7.394,27,68333.01,69.396,Function-based incremental standardization,North Alexandra,0,Myanmar,2016-02-10 13:46:35,0
5.835,37,70232.95,53.052,Universal asymmetric workforce,Rivasland,0,Macao,2016-06-12 21:21:53,1
5.156000000000001,46,63102.19,49.94,Business-focused client-driven forecast,Helenborough,0,Australia,2016-01-07 13:58:51,1
7.981,37,51847.26,101.268,Realigned global initiative,Garnerberg,0,United States Virgin Islands,2016-05-13 14:12:39,0
6.617,26,63580.22,91.47999999999999,Business-focused maximized complexity,North Anaport,0,Mexico,2016-05-02 00:01:56,0
5.821,37,47575.44,42.376,Open-source global strategy,Pattymouth,0,Djibouti,2016-02-07 17:06:35,1
6.612,49,39031.89,45.519999999999996,Stand-alone motivating moratorium,South Alexisborough,0,Cote d'Ivoire,2016-02-15 07:27:41,1
8.047,42,70505.06,86.072,Grass-roots multimedia policy,East Jennifer,1,Mali,2016-02-21 05:23:28,0
7.705,31,62161.26,94.65599999999999,Upgradable local migration,Hallfort,0,Jamaica,2016-03-20 22:27:25,0
4.9990000000000006,41,61068.26,48.428,Profound bottom-line standardization,New Charleschester,0,Romania,2016-03-24 09:34:00,1
8.03,58,49090.51,69.372,Managed client-server access,East Breannafurt,0,Cayman Islands,2016-04-04 20:01:12,1
7.936,33,62330.75,93.888,Cross-platform directional intranet,East Susanland,1,Gambia,2016-01-02 04:50:44,0
5.786,30,18819.34,66.744,Horizontal modular success,Estesfurt,0,Algeria,2016-07-08 17:14:01,1
7.029000000000001,26,62053.37,92.548,Vision-oriented multi-tasking success,Shirleyfort,1,Puerto Rico,2016-03-28 19:48:37,0
8.453,33,61922.06,86.072,Optional multi-state hardware,Douglasview,1,Norfolk Island,2016-07-11 09:32:53,0
5.913,44,49525.37,42.416000000000004,Upgradable heuristic system engine,South Lisa,1,Turkey,2016-06-09 17:11:02,1
8.151,41,53412.32,100.012,Future-proofed modular utilization,Kingshire,0,Guinea,2016-05-19 09:30:12,0
4.294,37,56681.65,52.160000000000004,Synergistic dynamic orchestration,Rebeccamouth,1,Moldova,2016-04-12 12:35:39,1
8.481,32,43299.63,93.572,Multi-layered stable encoding,Brownbury,1,Greece,2016-07-04 23:17:47,0
8.279,34,47997.75,52.83200000000001,Team-oriented zero-defect initiative,South Aaron,0,American Samoa,2016-02-01 00:52:29,1
5.922,55,39131.53,50.556,Polarized 5thgeneration matrix,North Andrew,1,Honduras,2016-01-13 02:39:00,1
3.5,40,46033.73,60.5,Fully-configurable context-sensitive Graphic Interface,South Walter,1,Mongolia,2016-06-18 16:02:34,1
4.661,42,65856.74,54.472,Progressive intermediate throughput,Catherinefort,0,Ethiopia,2016-01-01 20:17:49,1
6.326,29,54787.37,48.184,Customizable holistic archive,East Donna,1,Ethiopia,2016-03-02 04:02:45,1
7.9159999999999995,32,69562.46,81.16,Compatible intermediate concept,East Timothy,1,Sri Lanka,2016-03-30 20:23:48,0
6.794,43,68447.17,51.263999999999996,Assimilated next generation firmware,North Kimberly,0,Morocco,2016-05-01 00:23:13,1
7.991,32,62772.42,92.072,Total zero administration software,South Stephanieport,1,United Arab Emirates,2016-06-17 03:02:55,0
6.614,41,78092.95,66.108,Re-engineered impactful software,North Isabellaville,0,Western Sahara,2016-03-23 08:52:31,0
4.365,39,63649.04,55.548,Business-focused background synergy,North Aaronburgh,0,Western Sahara,2016-05-08 22:24:27,1
5.961,21,60637.62,79.38,Future-proofed coherent budgetary management,Port James,1,Cambodia,2016-04-06 05:55:43,0
4.661,52,27241.11,62.79600000000001,Ergonomic methodical encoding,Danielview,0,New Zealand,2016-04-05 05:54:15,1
8.937000000000001,34,42760.22,64.812,Compatible dedicated productivity,Port Stacey,1,Australia,2016-04-16 12:26:31,0
6.51,49,59457.52,47.239999999999995,Up-sized real-time methodology,West Kevinfurt,1,Bulgaria,2016-06-01 03:44:42,1
5.343999999999999,42,42907.89,43.268,Up-sized next generation architecture,Lake Jennifer,1,Libyan Arab Jamahiriya,2016-04-04 22:00:15,1
7.953,51,46132.18,97.964,Managed 6thgeneration hierarchy,Reyesfurt,0,Barbados,2016-06-26 04:22:26,0
9.143,39,46964.11,83.964,Organic motivating model,West Carmenfurt,1,French Polynesia,2016-07-07 03:55:01,0
7.356999999999999,30,70377.23,84.952,Pre-emptive transitional protocol,North Stephanieberg,0,Uruguay,2016-03-20 08:22:50,0
7.876,32,70012.83,83.208,Managed attitude-oriented Internet solution,East Valerie,1,Uruguay,2016-04-20 10:04:29,0
7.648999999999999,23,56457.01,72.444,Public-key asynchronous matrix,Sherrishire,0,Brazil,2016-03-25 05:05:27,0
6.172,26,67279.06,87.396,Grass-roots systematic hardware,Port Daniel,0,Venezuela,2016-02-14 07:15:37,0
8.453,35,54773.99,94.51599999999999,User-centric composite contingency,Brownview,0,Myanmar,2016-03-26 00:32:02,0
7.203,34,70783.94,92.38,Up-sized bi-directional infrastructure,Greerton,1,Malta,2016-07-05 22:33:48,0
7.747,36,70510.59,89.164,Assimilated actuating policy,Hatfieldshire,1,Jamaica,2016-03-14 03:29:12,0
7.565,39,64021.55,99.16,Organized upward-trending contingency,Brianabury,1,Bahrain,2016-05-30 02:34:25,0
7.815,33,72042.85,77.748,Ergonomic neutral portal,New Maria,0,Algeria,2016-03-07 22:32:15,0
6.38,38,36037.33,43.480000000000004,Adaptive demand-driven knowledgebase,Colebury,1,Tuvalu,2016-03-19 00:27:58,1
7.659000000000001,29,67526.92,84.65599999999999,Reverse-engineered maximized focus group,Calebberg,0,Georgia,2016-06-18 05:17:33,0
4.26,55,55121.65,67.316,Switchable analyzing encryption,Lake Ian,0,Cambodia,2016-07-11 18:12:43,1
7.877,28,63497.62,84.732,Public-key intangible Graphical User Interface,Gomezport,0,Guam,2016-01-01 08:27:06,0
8.34,39,60879.48,94.00399999999999,Advanced local task-force,Shaneland,0,Tanzania,2016-04-07 01:57:38,0
7.953,33,61467.33,94.688,Profound well-modulated array,East Aaron,0,Indonesia,2016-02-28 22:02:14,0
7.389,35,70495.64,91.99600000000001,Multi-channeled asymmetric installation,Dustinborough,1,Somalia,2016-06-26 17:25:55,0
7.58,36,71222.4,89.96000000000001,Multi-layered fresh-thinking neural-net,East Michaelland,0,Belize,2016-01-21 04:30:43,0
8.195,31,64698.58,83.50399999999999,Distributed cohesive migration,East Connie,1,Serbia,2016-05-01 21:46:37,0
5.639,58,32252.38,61.69199999999999,Programmable uniform website,West Shannon,0,Australia,2016-02-14 10:06:49,1
4.473,35,55316.97,51.024,Object-based neutral policy,North Lauraland,1,Guam,2016-01-27 18:25:42,1
3.835,33,47447.89,58.19199999999999,Horizontal global leverage,Port Christopher,1,Christmas Island,2016-06-16 20:24:33,1
7.253,37,73474.82,89.572,Synchronized grid-enabled moratorium,South Patrickfort,0,Papua New Guinea,2016-07-21 10:01:50,0
5.62,49,53549.94,45.94,Adaptive uniform capability,East Georgeside,1,Bahamas,2016-04-21 18:31:27,1
7.9670000000000005,28,58576.12,90.716,Total grid-enabled application,Charlesbury,0,Comoros,2016-07-20 01:56:33,0
7.542,26,63373.7,65.7,Optional regional throughput,Millertown,1,Western Sahara,2016-02-26 17:14:14,0
7.864,31,60283.47,94.112,Integrated client-server definition,South Renee,1,Nicaragua,2016-01-16 17:56:05,0
6.769,44,37345.34,43.688,Fundamental methodical support,South Jackieberg,0,Guam,2016-04-01 01:57:12,1
3.835,41,34886.01,57.876,Synergistic reciprocal attitude,Loriville,1,Vanuatu,2016-06-24 08:42:20,1
5.952,44,67511.86,100.432,Managed 5thgeneration time-frame,Amandaland,1,Bolivia,2016-05-27 18:45:35,0
6.226,37,77988.71,66.476,Vision-oriented uniform knowledgebase,West Robertside,0,Malawi,2016-05-26 15:40:12,0
6.475,36,63001.03,47.064,Multi-tiered stable leverage,North Sarashire,0,Venezuela,2016-04-06 01:19:08,1
7.997,26,61747.98,74.17999999999999,Down-sized explicit budgetary management,Port Maria,1,Nepal,2016-01-08 19:38:45,0
4.79,42,48467.68,45.812,Cross-group human-resource time-frame,East Jessefort,0,United Kingdom,2016-02-24 19:08:11,1
8.038,30,55130.96,95.224,Business-focused holistic benchmark,Port Anthony,0,Albania,2016-03-10 07:07:31,0
6.4510000000000005,42,79484.8,76.284,Virtual 5thgeneration neural-net,Edwardmouth,1,Madagascar,2016-04-29 07:49:01,0
7.128,37,67307.43,98.688,Distributed scalable orchestration,Dustinchester,1,Guyana,2016-04-10 16:08:09,0
5.032,40,27964.6,50.260000000000005,Realigned intangible benchmark,Rochabury,0,Yemen,2016-04-27 18:25:30,1
7.276000000000001,33,66431.87,96.252,Virtual impactful algorithm,Williamsport,1,India,2016-05-10 04:28:55,0
7.279999999999999,35,63551.67,99.816,Public-key solution-oriented focus group,Austinland,0,Puerto Rico,2016-01-03 23:21:26,0
7.4590000000000005,23,40135.06,63.339999999999996,Phased clear-thinking encoding,Lake Gerald,1,United States Virgin Islands,2016-02-15 16:52:04,1
4.6659999999999995,45,49101.67,47.263999999999996,Grass-roots mission-critical emulation,Wrightview,0,Antigua and Barbuda,2016-03-09 02:07:17,1
4.886,54,53188.69,53.784000000000006,Proactive encompassing paradigm,Perryburgh,0,French Guiana,2016-01-09 17:33:03,1
3.7049999999999996,39,49742.83,57.124,Automated object-oriented firmware,Tracyhaven,1,Antigua and Barbuda,2016-02-03 05:47:09,1
8.120999999999999,36,63394.41,93.216,User-friendly content-based customer loyalty,South Jaimeview,0,Turkmenistan,2016-01-02 09:30:11,0
6.689,23,64433.99,83.296,Universal incremental array,Sandersland,1,Honduras,2016-01-04 07:28:43,0
6.811,38,73884.48,92.48400000000001,Reactive national success,South Meredithmouth,0,Seychelles,2016-01-07 21:21:50,0
6.915000000000001,46,36424.94,45.088,Automated multi-state toolset,Richardsonshire,0,Cyprus,2016-07-24 00:22:16,1
6.572,36,28275.48,48.048,Managed didactic flexibility,Kimberlymouth,0,Saint Pierre and Miquelon,2016-02-13 13:57:53,1
4.004,27,48098.86,64.632,Cross-platform neutral system engine,Meghanchester,0,Poland,2016-05-08 10:25:08,1
6.859999999999999,33,68448.94,54.032000000000004,Focused high-level frame,Tammyshire,0,Taiwan,2016-02-17 18:50:57,1
5.616,25,66429.84,65.7,Seamless motivating approach,Millerbury,1,Cote d'Ivoire,2016-01-22 19:43:53,1
7.859999999999999,46,41768.13,101.836,Enhanced systematic adapter,Lake Elizabethside,1,Micronesia,2016-07-20 13:21:37,0
7.829000000000001,38,57844.96,100.828,Networked regional Local Area Network,Villanuevaton,0,Liberia,2016-01-05 20:58:42,0
4.383,45,35684.82,51.604,Total human-resource flexibility,Greerport,0,Saudi Arabia,2016-01-29 05:39:16,1
7.731,32,62792.43,95.24,Assimilated homogeneous service-desk,North Garyhaven,0,Nepal,2016-06-17 20:18:27,0
3.9859999999999998,28,51171.23,64.49600000000001,Ergonomic zero tolerance encoding,East Sharon,0,Ghana,2016-02-23 13:55:48,1
6.677,25,58847.07,56.452,Cross-platform zero-defect structure,Johnstonmouth,0,Iran,2016-07-09 11:18:02,1
5.720000000000001,42,57739.03,44.263999999999996,Innovative maximized groupware,East Heatherside,0,New Zealand,2016-03-19 11:09:36,1
7.315,25,64631.22,84.44800000000001,Face-to-face executive encryption,Lake Patrick,1,Libyan Arab Jamahiriya,2016-01-29 07:14:04,0
8.206999999999999,24,50337.93,77.588,Monitored local Internet solution,Richardsonmouth,0,Sri Lanka,2016-06-14 07:02:09,0
4.984,38,67781.31,54.096000000000004,Phased hybrid superstructure,Jenniferhaven,1,United Arab Emirates,2016-05-18 03:19:03,1
4.397,36,68863.95,62.788,User-friendly grid-enabled analyzer,Boyerberg,1,Indonesia,2016-01-30 09:54:03,1
7.725,27,55901.12,92.55199999999999,Pre-emptive neutral contingency,Port Elijah,1,Saint Vincent and the Grenadines,2016-04-25 16:58:50,0
7.484,37,64775.1,98.576,User-friendly impactful time-frame,Knappburgh,1,Mongolia,2016-01-14 16:30:38,0
8.353,36,67686.16,81.824,Customizable methodical Graphical User Interface,New Dawnland,0,Honduras,2016-07-06 05:34:52,0
3.8630000000000004,48,57777.11,88.84400000000001,Cross-platform logistical pricing structure,Chapmanmouth,0,Papua New Guinea,2016-04-07 10:51:05,1
8.4,48,46868.53,54.484,Inverse discrete extranet,Robertside,1,Kyrgyz Republic,2016-04-17 05:08:52,1
5.213,50,40926.93,47.308,Open-source even-keeled database,West Raymondmouth,1,Ethiopia,2016-01-28 17:03:54,1
7.183,40,22205.74,54.19199999999999,Diverse background ability,Costaburgh,1,Rwanda,2016-02-18 22:42:33,1
7.836,24,58920.44,78.708,Multi-tiered foreground Graphic Interface,Kristineberg,1,Kyrgyz Republic,2016-06-24 21:09:58,0
5.018,35,63006.14,51.128,Customizable hybrid system engine,Sandrashire,1,Grenada,2016-06-20 04:24:41,1
6.4670000000000005,51,24316.61,55.339999999999996,Horizontal incremental website,Andersonfurt,1,Togo,2016-02-14 16:33:29,1
6.95,26,68348.99,81.536,Front-line systemic capability,Tranland,0,Pakistan,2016-02-27 13:51:44,0
6.522,30,66263.37,96.036,Fully-configurable foreground solution,Michaelland,1,Falkland Islands (Malvinas),2016-05-07 15:16:07,0
6.206,40,63493.6,46.507999999999996,Digitized radical array,East Rachaelfurt,1,Jersey,2016-03-16 20:10:53,1
8.429,30,56984.09,64.132,Team-oriented transitional methodology,Lake Johnbury,1,Cayman Islands,2016-06-26 02:06:59,1
3.2909999999999995,37,51691.55,72.408,Future-proofed fresh-thinking conglomeration,Elizabethstad,0,South Africa,2016-07-17 14:26:04,1
3.95,31,49911.25,59.275999999999996,Operative multi-tasking Graphic Interface,West Brad,1,Micronesia,2016-01-28 16:42:36,1
7.519,31,33502.57,98.304,Implemented discrete frame,Johnstonshire,1,Tajikistan,2016-06-16 18:04:51,0
7.6209999999999996,31,65834.97,91.576,Ameliorated exuding encryption,Lake Timothy,1,Bolivia,2016-06-19 23:21:38,0
6.776000000000001,31,66176.97,97.036,Programmable high-level benchmark,Anthonyfurt,0,Cameroon,2016-05-24 17:42:58,0
4.0009999999999994,53,51463.17,64.708,Sharable multimedia conglomeration,East Brettton,0,Ecuador,2016-03-01 22:06:37,1
5.2700000000000005,41,41059.64,43.736000000000004,Team-oriented high-level orchestration,New Matthew,1,Zambia,2016-01-31 08:50:38,1
6.840999999999999,38,61428.18,103.904,Grass-roots empowering paradigm,Christopherchester,0,Guinea-Bissau,2016-04-30 15:27:22,0
3.5549999999999997,39,51593.46,60.472,Robust object-oriented Graphic Interface,Westshire,0,Micronesia,2016-01-13 20:38:35,1
7.454000000000001,24,57518.73,87.9,Switchable secondary ability,Alexisland,0,Bahamas,2016-03-30 16:15:59,0
8.175,24,52656.13,76.03200000000001,Open-architected web-enabled benchmark,Kevinchester,1,Cape Verde,2016-04-29 18:53:43,0
8.785,31,52178.98,84.108,Compatible scalable emulation,New Patriciashire,1,French Polynesia,2016-06-14 19:48:34,0
6.023,60,46239.14,60.616,Seamless optimal contingency,Port Brenda,1,Saudi Arabia,2016-07-15 15:43:36,1
8.797,35,48918.55,59.7,Secured secondary superstructure,Port Brianfort,1,France,2016-03-24 05:38:01,0
7.817,27,65227.79,76.908,Automated mobile model,Portermouth,1,Burundi,2016-04-26 20:57:48,0
6.7909999999999995,23,55002.05,58.720000000000006,Re-engineered non-volatile neural-net,Hubbardmouth,1,Latvia,2016-01-12 03:28:31,1
8.577,27,52261.73,76.712,Implemented disintermediate attitude,South Brian,1,Morocco,2016-04-09 23:26:42,0
4.116,49,59448.44,60.33200000000001,Configurable interactive contingency,Hendrixmouth,1,Venezuela,2016-03-28 09:15:58,1
5.354,39,47314.45,43.212,Optimized systemic capability,Julietown,0,Palau,2016-06-23 11:05:01,1
7.394,26,55411.06,94.46000000000001,Front-line non-volatile implementation,Lukeport,1,Isle of Man,2016-01-24 01:53:14,0
6.343,29,66504.16,94.7,Ergonomic 24/7 solution,New Shane,1,Peru,2016-04-15 10:18:55,0
8.459,36,47169.14,96.72,Integrated grid-enabled budgetary management,Lake Jillville,1,Belgium,2016-04-26 13:13:20,0
7.013,31,70889.68,89.99199999999999,Profit-focused systemic support,Johnsonfort,0,Croatia,2016-05-16 23:21:06,0
4.019,37,55358.88,54.79600000000001,Right-sized system-worthy project,Adamsbury,0,France,2016-01-18 02:51:13,1
5.8950000000000005,55,56242.7,52.516,Proactive actuating Graphical User Interface,East Maureen,1,Slovenia,2016-06-20 08:34:46,1
3.5759999999999996,51,45522.44,78.02799999999999,Versatile optimizing projection,North Angelastad,0,Peru,2016-07-18 04:53:22,1
5.936,49,46931.03,44.336,Universal multi-state system engine,Amandafort,0,Belarus,2016-07-01 01:12:04,1
9.11,40,55499.69,79.252,Secured intermediate approach,Michaelmouth,1,Bolivia,2016-03-07 22:51:00,0
6.104,41,75805.12,59.684000000000005,Operative didactic Local Area Network,Ronaldport,0,Benin,2016-05-02 15:31:28,1
7.406000000000001,23,40345.49,90.396,Phased content-based middleware,Port Davidland,0,Wallis and Futuna,2016-07-23 06:18:51,0
6.462999999999999,45,15598.29,63.52,Triple-buffered high-level Internet solution,Isaacborough,1,Azerbaijan,2016-06-12 03:11:04,1
8.129000000000001,28,33239.2,87.888,Synergized well-modulated Graphical User Interface,Lake Michael,0,Mongolia,2016-02-15 20:41:05,0
7.606999999999999,36,68033.54,94.224,Implemented bottom-line implementation,West Michaelshire,0,Denmark,2016-01-23 01:42:28,0
7.5920000000000005,22,38427.66,73.06,Monitored context-sensitive initiative,Port Calvintown,0,Russian Federation,2016-02-26 01:18:44,0
7.834999999999999,46,53185.34,101.392,Pre-emptive client-server open system,Parkerhaven,0,Brazil,2016-01-11 02:07:14,0
4.614,28,39723.97,55.188,Seamless bandwidth-monitored knowledge user,Markhaven,1,Ethiopia,2016-04-04 13:56:14,1
4.433,41,43386.07,48.251999999999995,Ergonomic empowering frame,Estradashire,0,Guyana,2016-01-14 09:27:59,1
4.643,28,53922.43,54.879999999999995,Reverse-engineered background Graphic Interface,Brianland,1,Ethiopia,2016-04-25 03:18:45,1
6.604000000000001,27,71881.84,79.904,Synergistic non-volatile analyzer,Cassandratown,0,Mauritius,2016-03-05 23:02:11,0
8.431000000000001,29,47139.21,90.348,Object-based optimal solution,West Dannyberg,0,Djibouti,2016-01-06 21:43:22,0
8.366,38,68877.02,70.056,Profound dynamic attitude,East Debraborough,0,Syrian Arab Republic,2016-02-18 03:58:36,0
8.125,33,65186.58,88.94,Enhanced system-worthy toolset,Frankchester,1,Saint Martin,2016-04-16 14:15:55,0
8.526,32,55424.24,89.628,Reverse-engineered dynamic function,Lisafort,1,Netherlands Antilles,2016-02-24 06:18:11,0
8.653,46,46500.11,93.34400000000001,Networked responsive application,Colemanshire,0,Greece,2016-06-29 01:19:21,0
7.644,26,58820.16,89.67999999999999,Distributed intangible database,Troyville,1,Madagascar,2016-01-05 06:34:20,0
5.284000000000001,43,28495.21,48.924,Multi-tiered mobile encoding,Hobbsbury,0,Senegal,2016-07-16 10:14:04,1
8.524,31,61840.26,73.136,Optional contextually-based flexibility,Harrisonmouth,1,Burkina Faso,2016-06-17 03:23:13,0
7.470999999999999,46,37908.29,103.224,Proactive local focus group,Port Eugeneport,1,Czech Republic,2016-06-13 11:06:40,0
8.295,39,69805.7,80.51599999999999,Customer-focused impactful success,Karenmouth,0,Lao People's Democratic Republic,2016-04-05 08:18:45,0
7.642,26,60315.19,89.264,Open-source optimizing parallelism,Brendaburgh,1,Netherlands Antilles,2016-04-17 18:38:14,0
4.204,49,67323.0,72.84400000000001,Organic logistical adapter,New Christinatown,0,Qatar,2016-02-03 16:54:33,1
4.628,26,50055.33,91.512,Stand-alone eco-centric system engine,Jacksonstad,1,Andorra,2016-04-18 21:07:28,1
4.826,50,43573.66,48.980000000000004,User-centric intermediate knowledge user,South Margaret,1,Liechtenstein,2016-06-18 22:31:22,1
7.103,55,28186.65,60.30800000000001,Programmable didactic capacity,Port Georgebury,0,China,2016-03-12 07:18:36,1
8.137,33,66412.04,86.01599999999999,Enhanced regional conglomeration,New Jessicaport,0,Vietnam,2016-01-15 01:20:05,0
5.805,32,15879.1,78.216,Total asynchronous architecture,Sanderstown,1,Tajikistan,2016-02-12 10:39:10,1
7.5,29,63965.16,92.144,Secured upward-trending benchmark,Perezland,1,Eritrea,2016-02-16 02:29:03,0
7.961,31,58342.63,94.388,Customizable value-added project,Luisfurt,0,Monaco,2016-04-04 21:23:13,0
5.256,31,33147.19,100.144,Integrated interactive support,New Karenberg,1,Israel,2016-04-24 01:48:21,1
6.218,33,65899.68,50.576,Reactive impactful challenge,West Leahton,0,Hungary,2016-05-20 00:00:48,1
7.789,26,64188.5,80.616,Switchable multi-state success,West Sharon,0,Singapore,2016-05-15 03:10:50,0
6.608,61,58966.22,73.692,Synchronized multi-tasking ability,Klineside,1,Cuba,2016-01-07 23:02:43,1
8.921,33,44078.24,84.212,Fundamental clear-thinking knowledgebase,Lake Cynthia,0,Reunion,2016-07-19 12:05:58,0
4.996,55,60968.62,60.775999999999996,Multi-layered user-facing parallelism,South Cynthiashire,1,Zambia,2016-04-04 00:02:20,1
7.744,28,65620.25,84.15599999999999,Front-line incremental access,Lake Jacob,0,Gabon,2016-06-10 04:21:57,0
8.258,38,65496.78,90.092,Open-architected zero administration secured line,West Samantha,1,Dominica,2016-03-11 14:50:56,0
3.936,29,52462.04,64.716,Mandatory disintermediate info-mediaries,Jeremybury,1,Bahamas,2016-01-14 20:58:10,1
4.723,38,70582.55,59.92,Implemented context-sensitive Local Area Network,Blevinstown,1,Tokelau,2016-06-22 05:22:58,1
8.785,34,51816.27,61.20399999999999,Digitized interactive initiative,Meyerchester,0,Turkmenistan,2016-03-19 08:00:58,0
6.5569999999999995,46,23410.75,52.34400000000001,Implemented asynchronous application,Reginamouth,0,Belgium,2016-04-15 15:07:17,1
7.801,26,62729.4,80.284,Focused multi-state workforce,Donaldshire,1,French Guiana,2016-03-28 02:29:19,0
4.415,28,48867.67,56.784000000000006,Proactive secondary monitoring,Salazarbury,1,Martinique,2016-01-22 15:03:25,1
4.357,36,50971.73,50.08,Front-line upward-trending groupware,Lake Joshuafurt,1,French Polynesia,2016-06-25 17:33:35,1
7.683,28,67990.84,77.124,Quality-focused 5thgeneration orchestration,Wintersfort,0,Ecuador,2016-03-04 14:33:38,0
4.206,34,43241.19,52.620000000000005,Multi-layered secondary software,Jamesmouth,0,Puerto Rico,2016-06-29 02:48:44,1
7.627,27,60082.66,90.676,Total coherent superstructure,Laurieside,1,United Arab Emirates,2016-06-18 01:42:37,0
7.427,37,65180.97,98.82000000000001,Monitored executive architecture,Andrewmouth,1,Burkina Faso,2016-01-31 09:57:34,0
7.327,28,67301.39,86.49600000000001,Front-line multi-state hub,West Angela,1,Luxembourg,2016-05-22 15:17:25,0
7.458,36,70701.31,92.208,Configurable mission-critical algorithm,East Carlos,0,Jamaica,2016-07-22 11:05:10,0
7.75,28,60997.84,90.136,Face-to-face responsive alliance,Kennedyfurt,1,Antarctica (the territory South of 60 deg S),2016-07-13 14:05:22,0
8.716,33,60805.93,78.86,Reduced holistic help-desk,Blairville,0,China,2016-02-11 11:50:26,0
8.716,37,50711.68,92.78,Pre-emptive content-based frame,East Donnatown,1,Western Sahara,2016-03-16 20:33:10,0
6.626,47,14548.06,71.616,Optional full-range projection,Matthewtown,1,Lebanon,2016-04-25 19:31:39,1
6.515000000000001,29,41335.84,46.92,Expanded value-added emulation,Brandonbury,0,Hong Kong,2016-07-14 22:43:29,1
6.825,33,76480.16,79.54400000000001,Organic well-modulated database,New Jamestown,1,Vanuatu,2016-05-30 08:02:35,0
7.348999999999999,38,67132.46,97.692,Organic 3rdgeneration encryption,Mosleyburgh,0,Vanuatu,2016-02-14 11:36:08,0
3.9189999999999996,54,52581.16,69.22,Stand-alone empowering benchmark,Leahside,0,Guatemala,2016-01-23 21:15:57,1
8.015,25,55195.61,85.796,Monitored intermediate circuit,West Wendyland,0,Greenland,2016-07-18 02:51:19,0
8.676,28,48679.54,75.964,Object-based leadingedge complexity,Lawrenceborough,0,Syrian Arab Republic,2016-02-10 08:21:13,0
7.388,29,63109.74,93.444,Digitized zero-defect implementation,Kennethview,0,Saint Helena,2016-01-04 06:37:15,0
5.86,19,44490.09,79.172,Configurable impactful firmware,West Mariafort,1,Lebanon,2016-06-05 21:38:22,0
6.976999999999999,54,57667.99,52.908,Face-to-face dedicated flexibility,Port Sherrystad,0,Malta,2016-06-01 03:17:50,1
8.727,30,51824.01,81.708,Fully-configurable 5thgeneration circuit,West Melissashire,1,Christmas Island,2016-03-06 06:51:23,1
7.765000000000001,28,66198.66,83.204,Configurable impactful capacity,Pamelamouth,0,Ukraine,2016-02-26 19:35:54,0
7.601999999999999,40,73174.19,87.82000000000001,Distributed leadingedge orchestration,Lesliefort,0,Malta,2016-07-13 14:30:14,0
7.884,26,56593.8,87.064,Persistent even-keeled application,Shawnside,1,Italy,2016-06-29 07:20:46,0
7.133,23,31072.44,67.76,Optimized attitude-oriented initiative,Josephmouth,0,Japan,2016-03-15 06:54:21,1
8.190000000000001,41,66773.83,90.188,Multi-channeled 3rdgeneration model,Garciatown,0,Mauritius,2016-06-11 06:47:55,0
4.689,48,72553.94,70.712,Polarized mission-critical structure,Chaseshire,1,Turkey,2016-07-17 13:22:43,1
7.779999999999999,57,43708.88,61.176,Virtual executive implementation,Destinyfurt,0,Namibia,2016-02-14 14:38:01,1
4.544,43,48453.55,47.708,Enhanced intermediate standardization,Mezaton,0,China,2016-05-04 05:01:37,1
6.9959999999999996,31,73413.87,85.624,Realigned tangible collaboration,New Kayla,1,Netherlands,2016-05-20 12:17:28,0
8.735,35,58114.3,63.315999999999995,Cloned dedicated analyzer,Carsonshire,1,Gibraltar,2016-01-26 02:47:17,0
4.942,53,45465.25,51.2,Ameliorated well-modulated complexity,Jacquelineshire,1,Congo,2016-07-07 18:07:19,1
7.127,21,50147.72,86.412,Quality-focused bi-directional throughput,South Blakestad,1,Senegal,2016-01-11 12:46:31,0
4.919,38,61004.51,49.232,Versatile solution-oriented secured line,North Mark,0,Hungary,2016-05-12 12:11:12,1
3.996,35,53898.89,55.408,Phased leadingedge budgetary management,Kingchester,1,Pitcairn Islands,2016-02-28 23:21:22,1
8.501000000000001,29,59797.64,77.0,Devolved exuding Local Area Network,Evansfurt,0,Slovakia (Slovak Republic),2016-05-03 16:02:50,0
6.8950000000000005,51,74623.27,74.34,Front-line bandwidth-monitored capacity,South Adamhaven,1,United States Virgin Islands,2016-03-15 20:19:20,0
6.759,45,58677.69,45.476,User-centric solution-oriented emulation,Brittanyborough,0,Monaco,2016-07-23 05:21:39,1
7.571,34,62109.8,98.424,Phased hybrid intranet,Barbershire,0,Portugal,2016-03-11 10:01:23,0
4.307,36,60583.02,55.052,Monitored zero administration collaboration,East Ericport,1,Turkey,2016-02-11 20:45:46,1
3.947,43,65576.05,65.392,Team-oriented systematic installation,Crawfordfurt,1,Uganda,2016-07-06 23:09:07,1
4.822,40,73882.91,85.732,Inverse national core,Turnerville,0,Norfolk Island,2016-03-22 19:14:47,0
7.676,25,50468.36,92.308,Secured uniform instruction set,Kylieview,1,Niue,2016-05-26 13:28:36,0
7.874,27,51409.45,93.9,Quality-focused zero tolerance matrices,West Zacharyborough,0,Ukraine,2016-06-18 19:10:14,0
6.747,24,60514.05,90.02000000000001,Multi-tiered heuristic strategy,Watsonfort,1,Vanuatu,2016-03-20 07:12:52,0
8.117,30,57195.96,92.764,Optimized static archive,Dayton,1,United States Minor Outlying Islands,2016-06-03 07:00:36,0
8.966,34,52802.58,68.49199999999999,Advanced didactic conglomeration,Nicholasport,1,Armenia,2016-02-03 15:15:42,0
7.959999999999999,28,56570.06,90.94800000000001,Synergistic discrete middleware,Whitneyfort,1,Sweden,2016-05-03 16:55:02,0
6.553,19,51049.47,76.068,Pre-emptive client-server installation,Coffeytown,1,Timor-Leste,2016-06-20 02:25:12,0
6.186999999999999,35,66629.61,100.08,Multi-channeled attitude-oriented toolset,North Johnside,1,French Southern Territories,2016-07-10 19:15:52,0
8.315999999999999,41,70185.06,77.97999999999999,Decentralized 24hour approach,Robinsonland,0,Finland,2016-01-04 04:00:35,0
4.411,41,43111.41,48.495999999999995,Organic next generation matrix,Lake David,1,Saint Vincent and the Grenadines,2016-04-20 16:49:15,1
5.657,26,56435.6,52.791999999999994,Multi-channeled non-volatile website,West Ericaport,0,Senegal,2016-01-23 13:14:18,1
8.391,29,53223.58,89.148,Distributed bifurcated challenge,Haleberg,0,Burundi,2016-01-04 22:27:25,0
7.9799999999999995,28,57179.91,91.952,Customizable zero-defect Internet solution,West Michaelport,1,Bahamas,2016-04-08 22:40:55,0
7.123,52,41521.28,49.036,Self-enabling zero administration neural-net,Ericksonmouth,0,Sweden,2016-01-05 11:53:17,1
4.723,43,73538.09,84.348,Optimized upward-trending productivity,Yangside,1,Svalbard & Jan Mayen Islands,2016-03-17 22:24:02,1
8.237,30,63664.32,82.976,Open-architected system-worthy ability,Estradafurt,0,Tonga,2016-06-29 04:23:10,0
4.363,38,61757.12,54.1,Quality-focused maximized extranet,Frankport,1,Korea,2016-05-25 19:45:16,1
7.090000000000001,28,71727.51,76.38,Centralized client-driven workforce,Port Juan,0,Kyrgyz Republic,2016-06-17 23:19:38,0
7.19,29,72203.96,77.316,De-engineered intangible flexibility,Williamsside,1,Costa Rica,2016-04-24 07:20:16,0
6.212,37,50671.6,42.344,Re-engineered intangible software,Johnsonview,1,Liechtenstein,2016-03-18 13:00:12,1
6.734999999999999,29,47510.42,47.476,Sharable secondary Graphical User Interface,East Heidi,0,Zimbabwe,2016-04-28 21:58:25,1
5.799,50,62466.1,49.832,Innovative homogeneous alliance,New Angelview,0,Costa Rica,2016-02-12 08:46:15,1
6.68,29,59683.16,99.404,Diverse leadingedge website,Lake Brandonview,0,Hungary,2016-07-11 13:23:37,1
4.913,32,41097.17,48.196,Optimized intermediate help-desk,Morganport,0,Fiji,2016-01-29 00:45:19,1
4.511,58,39799.73,78.276,Sharable reciprocal project,Browntown,0,Netherlands,2016-01-05 16:26:44,1
5.4350000000000005,42,76984.21,65.608,Proactive interactive service-desk,Lake Hailey,0,Sweden,2016-06-20 08:22:09,0
6.182,59,57877.15,60.772000000000006,Open-architected needs-based customer loyalty,Olsonside,1,Barbados,2016-02-06 17:48:28,1
7.775,31,59047.91,96.256,Multi-lateral motivating circuit,Coxhaven,1,Paraguay,2016-06-22 17:19:09,0
7.061,28,72154.68,76.048,Assimilated encompassing portal,Meaganfort,0,Italy,2016-04-16 05:24:33,0
8.272,31,65704.79,71.928,Cross-group global orchestration,North Monicaville,0,Belarus,2016-01-17 05:07:11,0
7.687,36,72948.76,85.036,Down-sized bandwidth-monitored core,Mullenside,0,South Georgia and the South Sandwich Islands,2016-07-08 22:30:10,0
6.507,34,73941.91,91.012,Monitored explicit hierarchy,Princebury,1,Anguilla,2016-03-11 00:05:48,0
5.693,37,57887.64,44.72,Reactive demand-driven strategy,Bradleyside,0,Sierra Leone,2016-06-10 00:35:15,1
4.886,35,62463.7,51.348,Universal empowering adapter,Elizabethbury,1,Saint Martin,2016-01-04 00:44:57,1
3.656,29,42838.29,78.356,Team-oriented bi-directional secured line,West Ryan,0,Uganda,2016-01-01 15:14:24,1
8.573,32,43778.88,59.1,Stand-alone radical throughput,New Tammy,1,Saudi Arabia,2016-07-10 17:24:51,1
7.581,40,71157.05,91.676,Inverse zero-defect capability,Sanchezland,0,Greenland,2016-03-27 19:50:11,0
7.294,31,74159.69,76.336,Multi-tiered real-time implementation,Rogerland,0,Venezuela,2016-04-29 13:38:19,0
5.363,54,50333.72,50.516000000000005,Front-line zero-defect array,Vanessaview,1,Liberia,2016-01-08 18:13:43,1
5.235,25,33293.78,59.044000000000004,Mandatory 4thgeneration structure,Jessicashire,1,Mali,2016-06-05 07:54:30,1
5.284000000000001,51,38641.2,48.628,Synergistic asynchronous superstructure,Melissachester,1,Bosnia and Herzegovina,2016-06-29 10:50:45,1
5.1579999999999995,33,49822.78,46.364,Vision-oriented system-worthy forecast,Johnsontown,0,Brunei Darussalam,2016-04-24 13:46:10,1
4.232,29,63891.29,74.836,Digitized radical architecture,New Joshuaport,1,South Georgia and the South Sandwich Islands,2016-02-14 04:14:13,1
5.504,42,43881.73,42.784,Quality-focused optimizing parallelism,Hernandezside,1,Czech Republic,2016-06-15 05:43:02,1
6.858,41,13996.5,68.616,Exclusive discrete firmware,New Williamville,1,El Salvador,2016-07-06 12:04:29,1
8.554,27,48761.14,70.172,Right-sized solution-oriented benchmark,Gilbertville,1,Tokelau,2016-03-31 13:54:51,0
7.114,30,69758.31,89.928,Assimilated stable encryption,Newmanberg,0,France,2016-06-21 00:52:47,0
6.438,19,52530.1,72.188,Configurable dynamic secured line,West Alice,1,Gabon,2016-05-27 05:23:26,0
8.885,40,58363.12,85.584,Cloned optimal leverage,Cannonbury,0,Bulgaria,2016-01-17 18:45:55,0
6.679,60,60575.99,79.32000000000001,Decentralized client-driven data-warehouse,Shelbyport,1,Burkina Faso,2016-04-07 20:34:42,1
3.2600000000000002,45,48206.04,74.188,Multi-tiered interactive neural-net,New Henry,0,Mayotte,2016-05-02 18:37:01,1
4.388,54,31523.09,66.74,Enhanced methodical database,Dustinmouth,1,Somalia,2016-06-04 17:24:07,1
5.646,26,66187.58,60.652,Ameliorated leadingedge help-desk,South Lisa,0,Albania,2016-04-07 18:52:57,1
7.218000000000001,30,69438.04,90.00800000000001,De-engineered attitude-oriented projection,Lisamouth,0,Bolivia,2016-06-10 22:21:10,0
5.267,44,14775.5,76.50399999999999,Persevering 5thgeneration knowledge user,New Hollyberg,0,Jersey,2016-05-19 06:37:38,1
8.055,35,68016.9,87.964,Extended grid-enabled hierarchy,Port Brittanyville,0,British Virgin Islands,2016-03-28 23:01:24,0
6.784999999999999,41,78520.99,81.08,Reactive tangible contingency,East Ronald,1,Saint Helena,2016-01-21 22:51:34,1
7.555,36,31998.72,49.483999999999995,Decentralized attitude-oriented interface,South Davidmouth,1,Bosnia and Herzegovina,2016-03-12 06:05:12,1
8.046,29,56909.3,92.312,Mandatory coherent groupware,Carterton,0,India,2016-06-04 09:13:29,0
8.269,29,61161.29,66.964,Fully-configurable eco-centric frame,Rachelhaven,1,Georgia,2016-05-24 10:16:38,0
3.521,39,52340.1,61.6,Advanced disintermediate data-warehouse,New Timothy,1,United States Minor Outlying Islands,2016-03-25 06:36:53,1
3.6369999999999996,40,47338.94,57.812,Quality-focused zero-defect data-warehouse,North Jessicaville,1,Kiribati,2016-04-22 00:28:18,1
7.406999999999999,22,50950.24,66.172,Cross-group non-volatile secured line,Joneston,1,Ghana,2016-03-22 04:13:35,0
5.996,33,77143.61,79.064,Expanded modular application,Staceyfort,0,Samoa,2016-01-14 08:27:04,1
8.562000000000001,29,57032.36,78.272,Triple-buffered systematic info-mediaries,South Dianeshire,0,Iran,2016-04-14 21:37:49,0
4.088,33,48554.45,54.472,Networked non-volatile synergy,West Shannon,1,Costa Rica,2016-05-31 17:50:15,1
3.6979999999999995,31,39552.49,67.148,Fully-configurable clear-thinking throughput,Micheletown,1,Northern Mariana Islands,2016-03-17 06:25:47,1
3.5490000000000004,47,36884.23,68.01599999999999,Front-line actuating functionalities,North Brittanyburgh,0,Liechtenstein,2016-04-13 07:07:36,1
5.656000000000001,26,68783.45,81.788,Compatible composite project,Port Jasmine,1,Grenada,2016-02-03 22:11:13,0
3.662,32,51119.93,64.976,Customer-focused solution-oriented software,New Sabrina,1,Poland,2016-02-02 19:59:17,1
4.9350000000000005,49,44304.13,47.944,Inverse stable synergy,Lake Charlottestad,0,Kenya,2016-04-07 20:38:02,1
7.564,29,69718.19,81.928,Pre-emptive well-modulated moderator,West Rhondamouth,1,Iran,2016-03-15 19:35:19,0
7.922,27,63429.18,79.51599999999999,Intuitive modular system engine,North Debra,1,Belgium,2016-03-11 12:39:19,0
7.705,34,65756.36,94.432,Centralized value-added hierarchy,Villanuevastad,0,Namibia,2016-05-17 18:06:46,0
6.683,46,77871.75,78.46799999999999,Assimilated hybrid initiative,North Jeremyport,1,Cyprus,2016-02-28 23:10:32,0
7.62,24,47258.59,91.524,Optimized coherent Internet solution,Lake Susan,1,Japan,2016-03-02 06:35:08,0
5.664,29,55984.89,49.296,Versatile 6thgeneration parallelism,Lake John,1,Zimbabwe,2016-02-27 08:52:50,1
5.333,34,44275.13,44.652,Configurable impactful productivity,Courtneyfort,1,Andorra,2016-03-14 04:34:35,1
5.063000000000001,50,25767.16,56.891999999999996,Operative full-range forecast,Tammymouth,0,Luxembourg,2016-03-10 15:07:44,1
4.184,49,37605.11,55.727999999999994,Operative secondary functionalities,Lake Vanessa,0,Cyprus,2016-05-01 08:27:12,1
5.392,41,25739.09,50.184,Business-focused transitional solution,Lake Amanda,1,Turkey,2016-06-12 11:17:25,1
8.389,28,60188.38,72.352,Ameliorated intermediate Graphical User Interface,Mariemouth,1,Hong Kong,2016-05-28 12:20:15,0
5.532,43,67682.32,51.06,Managed 24hour analyzer,Port Douglasborough,0,Netherlands,2016-03-18 09:08:39,1
5.322,44,44307.18,43.54,Horizontal client-server database,Port Aprilville,0,United States Virgin Islands,2016-05-26 06:03:57,1
4.316,35,25371.52,62.444,Implemented didactic support,Williamsport,1,Marshall Islands,2016-07-06 03:40:17,1
6.751,43,23942.61,50.88,Digitized homogeneous core,Lake Faith,0,Western Sahara,2016-04-29 14:10:00,1
4.316,29,50666.5,57.215999999999994,Robust holistic application,Wendyville,1,Saint Vincent and the Grenadines,2016-03-05 20:53:19,1
7.989,30,50356.06,96.55199999999999,Synergized uniform hierarchy,Angelhaven,1,United States of America,2016-05-30 08:35:54,0
8.425,32,63936.5,68.36,Pre-emptive client-driven secured line,New Sean,1,Angola,2016-04-10 06:32:11,0
7.418000000000001,28,69874.18,81.548,Front-line even-keeled website,Lake Lisa,0,Cayman Islands,2016-01-20 02:31:36,0
8.578,34,50038.65,93.112,Persistent fault-tolerant service-desk,Valerieland,0,Swaziland,2016-07-20 21:53:42,0
8.096,39,67866.95,90.0,Integrated leadingedge frame,New Travis,1,Wallis and Futuna,2016-01-17 04:12:30,0
3.691,48,54645.2,63.876,Ameliorated coherent open architecture,North Samantha,0,Zimbabwe,2016-02-24 07:13:00,1
5.447,23,46780.09,56.608000000000004,Vision-oriented bifurcated contingency,Holderville,0,Chad,2016-03-26 19:37:46,1
8.198,34,67432.49,85.152,Up-sized maximized model,Patrickmouth,0,Saint Martin,2016-06-04 09:25:27,0
7.959999999999999,39,73392.28,77.692,Organized global flexibility,Lake Deannaborough,0,Rwanda,2016-04-22 07:48:33,0
5.7509999999999994,38,47682.28,42.284,Re-engineered zero-defect open architecture,Jeffreymouth,0,Moldova,2016-03-31 08:53:43,1
8.23,31,56735.83,92.884,Balanced executive definition,Davieshaven,0,Gabon,2016-04-16 08:36:08,0
7.321,30,51013.37,101.03999999999999,Networked logistical info-mediaries,Lake Jessicaville,1,Denmark,2016-05-12 20:57:10,1
7.909000000000001,32,69481.85,83.888,Optimized multimedia website,Hernandezchester,1,Svalbard & Jan Mayen Islands,2016-05-07 21:32:51,0
6.8469999999999995,28,67033.34,90.65599999999999,Focused coherent success,North Kennethside,0,Poland,2016-06-25 00:33:23,0
8.369,36,68717.0,77.02799999999999,Robust context-sensitive neural-net,Shelbyport,0,Fiji,2016-03-23 05:27:35,0
8.348,31,59340.99,89.088,Intuitive zero administration adapter,Williamport,1,Philippines,2016-03-04 13:47:47,0
4.349,45,47968.32,49.868,Synchronized full-range portal,Smithside,0,Vietnam,2016-06-14 12:08:10,1
6.669,35,48758.92,43.308,Integrated encompassing support,Vanessastad,0,Jersey,2016-05-11 19:13:42,1
4.846,49,61230.03,52.952,Devolved human-resource circuit,Lisamouth,1,Indonesia,2016-01-21 23:33:22,1
4.2509999999999994,30,54755.71,57.908,Grass-roots transitional flexibility,Lake Rhondaburgh,1,Palestinian Territory,2016-01-15 19:45:33,1
4.2829999999999995,34,54324.73,52.952,Vision-oriented methodical support,Cunninghamhaven,1,Latvia,2016-04-23 09:42:08,1
4.146,42,52177.4,51.592,Integrated impactful groupware,Robertstown,1,Malta,2016-05-23 08:06:24,1
4.599,33,51163.14,49.844,Face-to-face methodical intranet,South Mark,1,Afghanistan,2016-02-27 15:04:52,1
6.872,27,66861.67,90.388,Fundamental tangible moratorium,New Taylorburgh,0,Austria,2016-02-23 17:37:46,0
6.311,34,63107.88,101.976,Balanced mobile Local Area Network,Port Karenfurt,1,Micronesia,2016-03-17 22:59:46,0
4.921,46,49206.4,46.239999999999995,Realigned 24/7 core,Carterland,0,Mexico,2016-02-28 03:34:35,1
5.577,49,55942.04,46.932,Fully-configurable high-level groupware,East Shawn,1,Chile,2016-03-15 14:33:12,1
4.413,40,33601.84,51.391999999999996,Ameliorated discrete extranet,West Derekmouth,1,Cuba,2016-03-03 20:20:32,1
5.782,46,48867.36,43.024,Centralized asynchronous portal,Brandiland,1,Belarus,2016-04-06 14:16:52,1
7.2459999999999996,40,56683.32,45.412,Enhanced tertiary utilization,Cervantesshire,0,Malawi,2016-05-01 09:23:25,1
6.188000000000001,45,38260.89,43.272000000000006,Balanced disintermediate conglomeration,North Debrashire,0,Afghanistan,2016-05-30 08:02:27,1
7.824,23,54106.21,79.716,Sharable value-added solution,Deannaville,0,Luxembourg,2016-04-04 11:39:51,0
7.461,38,71055.22,92.512,Networked impactful framework,East Christopher,1,South Africa,2016-04-06 23:10:40,0
8.918000000000001,37,46403.18,89.604,Public-key impactful neural-net,Rickymouth,1,Nepal,2016-04-26 21:45:50,0
4.4159999999999995,42,61690.93,53.367999999999995,Innovative interactive portal,Port Dennis,1,Spain,2016-05-25 00:34:59,1
5.574,37,26130.93,49.736000000000004,Networked asymmetric infrastructure,Lake Michelle,1,Hong Kong,2016-02-11 16:45:41,1
8.882,36,58638.75,67.64,Assimilated discrete strategy,East Johnport,0,Slovakia (Slovak Republic),2016-01-30 00:05:37,0
7.039,32,47357.39,104.60799999999999,Phased 5thgeneration open system,Sabrinaview,1,Cayman Islands,2016-07-12 10:56:21,0
5.904999999999999,52,50086.17,47.38,Upgradable logistical flexibility,Kristinfurt,1,Uganda,2016-04-23 03:46:34,1
7.858,33,51772.58,100.04400000000001,Centralized user-facing service-desk,Chapmanland,1,Vanuatu,2016-04-16 10:36:49,0
3.511,35,47638.3,63.212,Extended analyzing emulation,North Jonathan,1,Anguilla,2016-03-11 13:07:30,1
6.039,45,38987.42,43.3,Front-line methodical utilization,Port Christina,1,Switzerland,2016-03-02 15:39:02,1
8.156,26,51363.16,85.47999999999999,Open-source scalable protocol,Juanport,1,Zimbabwe,2016-07-13 21:31:14,0
7.503,34,35764.49,102.228,Networked local secured line,East Mike,0,Uruguay,2016-05-29 18:12:00,1
5.087,24,62939.5,76.164,Programmable empowering orchestration,North Angelatown,0,Liberia,2016-05-10 17:13:47,1
8.28,30,58776.67,89.28,Enhanced systemic benchmark,West Steven,1,Egypt,2016-05-07 08:39:47,0
7.851000000000001,25,59106.12,82.284,Focused web-enabled Graphical User Interface,Riggsstad,1,Greece,2016-01-17 13:27:13,0
3.7649999999999997,51,50457.01,64.51599999999999,Automated stable help-desk,Davidview,1,Bahrain,2016-03-09 06:22:03,1
8.317,43,54251.78,97.76,Managed national hardware,Port Kevinborough,1,Sri Lanka,2016-04-05 18:02:49,0
9.137,45,51920.49,73.06,Re-engineered composite moratorium,Lawsonshire,1,Kazakhstan,2016-04-01 07:37:18,1
6.825,29,70324.8,88.03200000000001,Phased fault-tolerant definition,Wagnerchester,0,Greenland,2016-02-15 16:18:49,0
8.132,25,52416.18,66.26,Pre-emptive next generation Internet solution,Daisymouth,0,Moldova,2016-03-08 05:12:57,0
7.664,39,66217.31,96.6,Reverse-engineered web-enabled support,North Daniel,1,Poland,2016-02-09 23:38:30,0
7.406000000000001,50,60938.73,98.51599999999999,Horizontal intermediate monitoring,Port Jacquelinestad,1,Anguilla,2016-06-17 09:38:22,0
3.9530000000000003,33,40243.82,56.884,Intuitive transitional artificial intelligence,New Teresa,1,Central African Republic,2016-06-01 12:27:17,1
8.658,32,60151.77,78.372,Business-focused asynchronous budgetary management,Henryfort,1,Mexico,2016-02-26 23:44:44,0
9.075,40,45945.88,86.6,Decentralized methodical capability,Lake Joseph,0,Togo,2016-03-11 09:58:32,0
6.770999999999999,25,63430.33,90.304,Synergized intangible open system,Daviesborough,1,Armenia,2016-04-28 02:55:10,0
8.241,36,65882.81,88.83200000000001,Stand-alone logistical service-desk,North Brandon,0,Nicaragua,2016-04-12 04:22:42,0
4.582,27,64410.8,68.49600000000001,Expanded full-range synergy,Adamside,1,Eritrea,2016-02-10 20:43:38,1
7.679,27,55677.12,94.376,Open-architected intangible strategy,Wademouth,0,Canada,2016-05-01 23:21:53,0
7.005,33,75560.65,81.376,Diverse directional hardware,North Raymond,0,Croatia,2016-03-24 17:48:31,0
7.218999999999999,32,61067.58,100.128,Balanced discrete approach,Randolphport,1,Switzerland,2016-04-22 19:45:19,0
7.734999999999999,34,72330.57,66.904,Total bi-directional success,East Troyhaven,0,Yemen,2016-03-09 12:10:08,0
4.034000000000001,29,32549.95,69.5,Object-based motivating instruction set,Clarkborough,0,Tokelau,2016-03-30 05:29:38,1
6.739,44,51257.26,42.876,Realigned intermediate application,Josephberg,0,Armenia,2016-01-24 13:41:38,1
6.868,34,77220.42,74.812,Sharable encompassing database,Lake Jenniferton,1,Equatorial Guinea,2016-07-15 09:42:19,0
8.175,43,52520.75,99.78,Progressive 24/7 definition,Lake Jose,0,Barbados,2016-06-07 05:41:16,0
6.603,22,59422.47,86.94800000000001,Pre-emptive next generation strategy,Ashleymouth,0,American Samoa,2016-05-31 23:32:00,0
4.774,33,22456.04,61.972,Open-source 5thgeneration leverage,Henryland,1,Saint Lucia,2016-05-14 14:49:05,1
7.918000000000001,31,58443.99,94.784,Open-source holistic productivity,Lake Danielle,0,Algeria,2016-01-10 20:18:21,0
8.681000000000001,29,50820.74,79.848,Multi-channeled scalable moratorium,Joshuaburgh,1,Turkmenistan,2016-02-21 16:57:59,0
4.1530000000000005,42,67575.12,63.524,Optional tangible productivity,South Jeanneport,0,Mayotte,2016-05-23 00:32:54,1
7.0920000000000005,39,66522.79,99.924,Up-sized intangible circuit,New Nathan,1,South Africa,2016-07-21 20:30:06,0
4.684,45,34903.67,49.288,Virtual homogeneous budgetary management,Jonesshire,0,Macao,2016-05-15 18:44:50,1
4.4399999999999995,53,43073.78,56.379999999999995,Phased zero-defect portal,Mariahview,1,France,2016-06-30 00:43:40,1
5.2170000000000005,44,57594.7,46.148,Optional modular throughput,New Julianberg,1,Equatorial Guinea,2016-02-24 06:17:18,1
8.145,31,66027.31,82.336,Triple-buffered human-resource complexity,Randyshire,1,Mali,2016-05-30 21:22:22,0
5.4079999999999995,36,53012.94,44.408,Innovative cohesive pricing structure,Philipberg,1,Mayotte,2016-06-02 04:14:37,1
7.665000000000001,31,61117.5,95.372,Function-based executive moderator,West Dennis,0,Pakistan,2016-04-18 07:00:38,0
5.439,20,52563.22,68.76,Digitized content-based circuit,Richardshire,1,Guadeloupe,2016-02-29 18:06:21,1
3.774,40,65773.49,76.38,Balanced uniform algorithm,Lake James,0,Denmark,2016-05-27 12:45:37,1
6.986,25,50506.44,96.54400000000001,Triple-buffered foreground encryption,Austinborough,0,New Zealand,2016-01-12 21:17:15,0
8.537,36,66262.59,77.824,Front-line system-worthy flexibility,Alexandrafort,1,Netherlands Antilles,2016-01-27 17:08:19,0
8.099,26,35521.88,83.012,Centralized clear-thinking Graphic Interface,Melissastad,1,Belarus,2016-06-10 03:56:41,0
7.884,32,62430.55,94.116,Optimized 5thgeneration moratorium,Gonzalezburgh,1,Taiwan,2016-04-09 09:26:39,0
7.736,41,49597.08,46.316,Fully-configurable asynchronous firmware,Port Jennifer,0,El Salvador,2016-02-26 06:00:16,1
5.546,37,42078.89,43.239999999999995,Exclusive systematic algorithm,Chrismouth,0,Taiwan,2016-02-21 23:07:11,1
3.566,45,46197.59,60.688,Exclusive cohesive intranet,Port Beth,0,Peru,2016-04-29 14:08:26,1
5.078,51,49957.0,48.816,Vision-oriented asynchronous Internet solution,West David,0,Liberia,2016-02-11 17:02:07,1
4.047,38,24078.93,81.56,Sharable 5thgeneration access,Fraziershire,0,Burundi,2016-07-22 07:44:43,1
4.561999999999999,43,53647.81,48.512,Monitored homogeneous artificial intelligence,Robertfurt,0,Macao,2016-06-26 02:34:15,1
8.476,30,61039.13,71.476,Monitored 24/7 moratorium,South Pamela,0,Venezuela,2016-05-14 23:08:14,0
8.064,26,46974.15,88.636,Vision-oriented real-time framework,North Laurenview,0,Luxembourg,2016-05-24 10:04:39,0
7.593999999999999,27,53042.51,94.784,Future-proofed stable function,Campbellstad,1,Italy,2016-02-16 12:05:45,0
3.7009999999999996,50,48826.14,86.404,Secured encompassing Graphical User Interface,Port Derekberg,0,San Marino,2016-03-20 02:44:13,1
8.718,31,58287.86,77.44,Right-sized logistical middleware,West Andrew,0,Madagascar,2016-01-31 05:12:44,0
5.691,50,21773.22,58.576,Team-oriented executive core,West Randy,0,Norfolk Island,2016-04-01 05:17:28,1
7.523999999999999,24,52252.91,90.596,Vision-oriented next generation solution,South Christopher,0,Vanuatu,2016-02-25 16:33:24,0
4.284000000000001,52,27073.27,72.88,Enhanced optimizing website,Lake Michellebury,1,Tunisia,2016-03-21 11:02:49,1
6.756,47,50628.31,43.992000000000004,Reduced background data-warehouse,Zacharyton,0,Paraguay,2016-02-12 05:20:19,1
3.496,42,36913.51,64.196,Right-sized mobile initiative,West James,1,Macedonia,2016-06-01 16:10:30,1
8.745999999999999,37,61009.1,84.624,Synergized grid-enabled framework,Millerview,1,Heard Island and McDonald Islands,2016-06-16 03:17:45,0
4.186,39,53041.77,51.448,Open-source stable paradigm,Hawkinsbury,1,Ethiopia,2016-03-26 15:28:07,1
3.404,34,40182.84,69.952,Reverse-engineered context-sensitive emulation,Elizabethport,1,El Salvador,2016-02-16 07:37:28,1
5.496,42,59419.78,45.5,Public-key disintermediate emulation,West Amanda,1,Niger,2016-02-28 09:31:31,1
8.714,31,58235.21,79.76,Up-sized bifurcated capability,Wadestad,1,Timor-Leste,2016-05-18 01:00:52,0
7.8790000000000004,32,68324.48,86.116,Stand-alone background open system,Mauriceshire,1,Uruguay,2016-02-21 13:11:08,0
6.556,25,69646.35,72.5,Stand-alone explicit orchestration,West Arielstad,1,Somalia,2016-01-05 12:59:07,0
8.105,34,54045.39,98.2,Configurable asynchronous application,Adamsstad,0,Malaysia,2016-05-18 00:07:43,0
5.571,37,57806.03,45.007999999999996,Upgradable 4thgeneration portal,Lake James,1,Korea,2016-03-06 23:26:44,1
4.548,49,53336.76,51.664,Networked client-server solution,Blairborough,1,Lao People's Democratic Republic,2016-05-19 04:23:41,1
4.7,56,50491.45,59.812,Public-key bi-directional Graphical User Interface,New Marcusbury,0,Bahamas,2016-04-29 20:40:21,1
5.964,51,71455.62,61.248000000000005,Re-contextualized human-resource success,Evansville,1,Guyana,2016-05-03 01:09:01,1
3.598,45,43241.88,60.315999999999995,Front-line fresh-thinking installation,Huffmanchester,0,Ethiopia,2016-06-27 21:51:47,1
7.255,22,58953.01,80.936,Balanced empowering success,New Cynthia,0,Bosnia and Herzegovina,2016-02-08 07:33:22,0
9.115,38,36834.04,73.99199999999999,Robust uniform framework,Joshuamouth,0,Cyprus,2016-02-22 07:04:05,0
8.053,29,66345.1,75.056,Sharable upward-trending support,West Benjamin,0,Singapore,2016-03-21 08:13:24,0
8.248999999999999,45,38645.4,52.336,Assimilated multi-state paradigm,Williamsfort,0,Dominican Republic,2016-05-31 00:58:37,1
8.094,36,60803.0,95.976,Self-enabling local strategy,North Tiffany,0,Bermuda,2016-01-01 05:31:22,0
6.176,34,33553.9,45.876,Open-source local approach,Edwardsport,0,Jamaica,2016-05-27 08:53:51,1
6.33,38,63071.34,46.476,Polarized intangible encoding,Lake Evantown,0,Saint Barthelemy,2016-05-09 07:13:27,1
3.6729999999999996,34,46737.34,59.916,Multi-lateral attitude-oriented adapter,South Henry,1,Albania,2016-06-27 01:56:36,1
7.840999999999999,33,55368.67,99.292,Multi-lateral 24/7 Internet solution,Harmonhaven,1,Mozambique,2016-06-03 04:51:46,0
8.398,36,68305.91,77.848,Profit-focused secondary portal,West Gregburgh,0,Zimbabwe,2016-02-24 00:44:44,0
6.318,45,39211.49,43.168,Reactive upward-trending migration,Hansenland,0,Georgia,2016-03-05 12:03:41,1
5.0600000000000005,48,65956.71,54.267999999999994,Customer-focused fault-tolerant implementation,Port Michaelmouth,0,Brazil,2016-01-15 22:49:45,1
3.2600000000000002,38,40159.2,76.02000000000001,Customizable homogeneous contingency,Tylerport,0,Syrian Arab Republic,2016-02-12 03:39:09,1
6.083,19,40478.83,74.184,Versatile next generation pricing structure,West Lacey,1,Palestinian Territory,2016-02-19 20:49:27,0
4.4719999999999995,46,40468.53,49.544,Cross-group systemic customer loyalty,North Jenniferburgh,1,Grenada,2016-03-12 02:48:18,1
7.876,51,66980.27,64.82000000000001,Face-to-face modular budgetary management,South Davidhaven,0,Ghana,2016-07-23 04:04:42,1
7.9510000000000005,39,34942.26,50.044,Proactive non-volatile encryption,North Charlesbury,1,Brunei Darussalam,2016-03-06 09:33:46,1
3.9299999999999997,32,48335.2,58.291999999999994,Decentralized bottom-line help-desk,Jonathanland,0,Lithuania,2016-02-24 04:11:37,1
6.479000000000001,30,42251.59,46.428,Visionary mission-critical application,North Virginia,0,Maldives,2016-02-17 20:22:49,1
8.98,36,57330.43,79.296,User-centric attitude-oriented adapter,West Tanner,0,Lesotho,2016-02-02 04:57:50,0
7.281999999999999,34,75769.82,76.728,User-centric discrete success,Jonesmouth,1,Czech Republic,2016-01-27 16:06:05,0
3.8649999999999998,31,51812.71,61.908,Total even-keeled architecture,Port Jason,1,Iceland,2016-05-24 09:50:41,1
5.901,30,75265.96,71.5,Focused multimedia implementation,West Annefort,1,Philippines,2016-02-08 22:45:26,1
7.895999999999999,50,69868.48,77.26,Stand-alone well-modulated product,East Jason,0,Cayman Islands,2016-02-12 01:55:38,1
6.399,43,72802.42,55.384,Ameliorated bandwidth-monitored contingency,North Cassie,0,Haiti,2016-01-11 08:18:12,1
4.135,27,39193.45,64.98400000000001,Streamlined homogeneous analyzer,Hintonport,1,Colombia,2016-03-03 03:51:27,1
6.279,36,18368.57,92.748,Total coherent archive,New James,1,Luxembourg,2016-05-30 20:08:51,1
4.553,29,56129.89,56.632000000000005,Front-line neutral alliance,North Destiny,0,United Arab Emirates,2016-04-22 22:01:21,1
5.165,31,58996.56,99.99600000000001,Virtual context-sensitive support,Mclaughlinbury,0,Ireland,2016-05-25 10:39:28,0
5.455,44,41547.62,43.616,Re-engineered optimal policy,West Gabriellamouth,0,Canada,2016-02-04 03:10:17,1
3.566,36,59240.24,69.02799999999999,Implemented uniform synergy,Alvarezland,0,Svalbard & Jan Mayen Islands,2016-02-21 20:09:12,1
6.995,28,56725.47,98.804,Horizontal even-keeled challenge,New Julie,0,Malta,2016-04-28 01:24:34,0
7.983,29,55764.43,93.692,Innovative regional groupware,North Frankstad,1,Sudan,2016-05-18 19:33:51,0
8.535,37,64235.51,64.568,Exclusive multi-state Internet solution,Claytonside,1,Ecuador,2016-02-17 11:15:31,0
5.678,28,39939.39,49.727999999999994,Mandatory empowering focus group,Melanieton,0,Senegal,2016-06-19 23:04:45,1
7.867,26,63319.99,78.224,Proactive 5thgeneration frame,Lake Michaelport,0,Cambodia,2016-02-20 09:54:06,0
7.009,21,54725.87,84.46799999999999,Automated full-range Internet solution,East Benjaminville,0,Belarus,2016-01-22 12:58:14,0
6.075,42,69775.75,98.82000000000001,Fully-configurable systemic productivity,Garrettborough,1,Guyana,2016-02-19 13:26:24,0
6.507,24,57545.56,93.53999999999999,Multi-lateral multi-state encryption,Port Raymondfort,0,Mali,2016-01-03 07:13:53,0
3.525,50,47051.02,77.776,Intuitive global website,Waltertown,0,Iran,2016-01-03 04:39:47,1
3.758,52,51600.47,70.67999999999999,Exclusive disintermediate Internet solution,Cameronberg,1,Bulgaria,2016-04-13 13:04:47,1
6.801,25,68357.96,75.328,Ameliorated actuating workforce,Kaylashire,1,Afghanistan,2016-01-01 03:35:35,0
4.508,38,35349.26,50.108,Synergized clear-thinking protocol,Fosterside,0,Liberia,2016-03-27 08:32:37,1
6.304,27,69784.85,63.620000000000005,Triple-buffered multi-state complexity,Davidstad,0,Netherlands Antilles,2016-07-10 16:25:56,1
4.018,29,50760.23,60.784000000000006,Enhanced intangible portal,Lake Tracy,0,Hong Kong,2016-06-25 04:21:33,1
4.517,48,34418.09,52.827999999999996,Down-sized background groupware,Taylormouth,1,Palau,2016-01-27 14:41:10,1
5.048,50,20592.99,64.97200000000001,Switchable real-time product,Dianaville,0,Malawi,2016-05-16 18:51:59,1
8.087,28,63528.8,81.32000000000001,Ameliorated local workforce,Collinsburgh,0,Uruguay,2016-02-27 20:20:25,0
4.188000000000001,40,44217.68,50.444,Streamlined exuding adapter,Port Rachel,1,Cyprus,2016-02-28 23:54:44,1
3.9869999999999997,48,47929.83,55.736000000000004,Business-focused user-facing benchmark,South Rebecca,1,Mexico,2016-06-13 06:11:33,1
6.184,45,46024.29,42.251999999999995,Reactive bi-directional standardization,Port Joshuafort,1,Niger,2016-05-05 11:07:13,1
5.497,31,51900.03,46.552,Virtual bifurcated portal,Robinsontown,1,France,2016-07-07 12:17:33,1
7.140000000000001,30,72188.9,66.524,Integrated 3rdgeneration monitoring,Beckton,0,Japan,2016-05-24 17:07:08,0
7.029000000000001,31,56974.51,101.86,Balanced responsive open system,New Frankshire,1,Norfolk Island,2016-03-30 14:36:55,0
6.726000000000001,57,25682.65,67.364,Focused incremental Graphic Interface,North Derekville,1,Bulgaria,2016-05-27 05:54:03,1
7.6579999999999995,46,41884.64,103.304,Secured 24hour policy,West Sydney,0,Uzbekistan,2016-01-03 16:30:51,0
5.436999999999999,38,72196.29,56.30800000000001,Up-sized asymmetric firmware,Lake Matthew,0,Mexico,2016-06-25 18:17:53,1
8.279,32,54429.17,93.924,Distributed fault-tolerant service-desk,Lake Zacharyfurt,1,Brunei Darussalam,2016-02-24 10:36:43,0
6.647,31,58037.66,102.556,Vision-oriented human-resource synergy,Lindsaymouth,1,France,2016-03-03 03:13:48,0
7.287999999999999,44,64011.26,50.048,Customer-focused explicit challenge,Sarahland,0,Yemen,2016-04-21 19:56:24,1
7.644,28,59967.19,93.072,Synchronized human-resource moderator,Port Julie,1,Northern Mariana Islands,2016-04-06 17:26:37,0
6.337,43,43155.19,42.016000000000005,Open-architected full-range projection,Michaelshire,1,Poland,2016-03-23 12:53:23,1
8.971,48,51501.38,81.76,Versatile local forecast,Sarafurt,1,Bahrain,2016-02-17 07:00:38,0
7.095999999999999,31,55187.85,102.55999999999999,Ameliorated user-facing help-desk,South Denise,0,Saint Pierre and Miquelon,2016-06-26 07:01:47,0
3.5789999999999997,44,33813.08,66.248,Enterprise-wide tangible model,North Katie,1,Tonga,2016-04-20 13:36:42,1
3.896,38,36497.22,56.267999999999994,Versatile mission-critical application,Mauricefurt,1,Comoros,2016-07-21 16:02:40,1
6.917,40,66193.81,49.448,Extended leadingedge solution,New Patrick,0,Montenegro,2016-03-06 11:36:06,1
6.42,27,66200.96,91.05199999999999,Phased zero tolerance extranet,Edwardsmouth,1,Isle of Man,2016-02-11 23:45:01,0
4.37,28,63126.96,69.204,Front-line bifurcated ability,Nicholasland,0,Mayotte,2016-04-04 03:57:48,1
7.297,30,71384.57,83.432,Fundamental modular algorithm,Duffystad,1,Lebanon,2016-02-11 21:49:00,1
5.13,45,67782.17,53.767999999999994,Grass-roots cohesive monitoring,New Darlene,1,Bosnia and Herzegovina,2016-04-22 02:07:01,1
5.163,51,42415.72,48.148,Expanded intangible solution,South Jessica,1,Mongolia,2016-02-01 17:24:57,1
5.555,19,41920.79,75.17999999999999,Proactive bandwidth-monitored policy,West Steven,0,Guatemala,2016-03-24 02:35:54,0
4.5009999999999994,26,29875.8,71.34,Virtual 5thgeneration emulation,Ronniemouth,0,Brazil,2016-06-03 21:43:21,1
